,LIPNet,LIPNet,LIPNet,LIPNet,AlphaFold-rsa,AlphaFold-rsa,AlphaFold-rsa,AlphaFold-rsa,AIUPred,AIUPred,AIUPred,AIUPred
,tn,fp,fn,tp,tn,fp,fn,tp,tn,fp,fn,tp
0.999,67828.0,10.0,31394.0,7.0,,,,,,,,
0.998,67803.0,35.0,31358.0,43.0,,,,,,,,
0.997,67764.0,74.0,31322.0,79.0,,,,,67752.0,0.0,31333.0,33.0
0.996,67715.0,123.0,31265.0,136.0,,,,,67752.0,0.0,31285.0,81.0
0.995,67667.0,171.0,31220.0,181.0,,,,,67752.0,0.0,31240.0,126.0
0.994,67609.0,229.0,31162.0,239.0,,,,,67752.0,0.0,31192.0,174.0
0.993,67552.0,286.0,31088.0,313.0,,,,,67752.0,0.0,31133.0,233.0
0.992,67497.0,341.0,31028.0,373.0,,,,,67752.0,0.0,31070.0,296.0
0.991,67455.0,383.0,30975.0,426.0,,,,,67752.0,0.0,31037.0,329.0
0.99,67405.0,433.0,30911.0,490.0,,,,,67752.0,0.0,31024.0,342.0
0.989,67336.0,502.0,30865.0,536.0,,,,,67752.0,0.0,30992.0,374.0
0.988,67279.0,559.0,30796.0,605.0,,,,,67752.0,0.0,30957.0,409.0
0.987,67225.0,613.0,30728.0,673.0,,,,,67752.0,0.0,30917.0,449.0
0.986,67174.0,664.0,30654.0,747.0,,,,,67752.0,0.0,30848.0,518.0
0.985,67118.0,720.0,30594.0,807.0,,,,,67752.0,0.0,30784.0,582.0
0.984,67053.0,785.0,30534.0,867.0,,,,,67752.0,0.0,30735.0,631.0
0.983,66987.0,851.0,30463.0,938.0,,,,,67752.0,0.0,30664.0,702.0
0.982,66917.0,921.0,30406.0,995.0,,,,,67752.0,0.0,30593.0,773.0
0.981,66858.0,980.0,30330.0,1071.0,,,,,67752.0,0.0,30503.0,863.0
0.98,66781.0,1057.0,30257.0,1144.0,,,,,67752.0,0.0,30412.0,954.0
0.979,66706.0,1132.0,30201.0,1200.0,,,,,67750.0,2.0,30307.0,1059.0
0.978,66646.0,1192.0,30128.0,1273.0,,,,,67747.0,5.0,30170.0,1196.0
0.977,66565.0,1273.0,30057.0,1344.0,,,,,67744.0,8.0,30073.0,1293.0
0.976,66488.0,1350.0,30005.0,1396.0,,,,,67740.0,12.0,29966.0,1400.0
0.975,66405.0,1433.0,29951.0,1450.0,,,,,67734.0,18.0,29882.0,1484.0
0.974,66355.0,1483.0,29885.0,1516.0,,,,,67728.0,24.0,29784.0,1582.0
0.973,66281.0,1557.0,29823.0,1578.0,,,,,67725.0,27.0,29683.0,1683.0
0.972,66209.0,1629.0,29756.0,1645.0,,,,,67722.0,30.0,29594.0,1772.0
0.971,66116.0,1722.0,29687.0,1714.0,67838.0,0.0,31400.0,1.0,67720.0,32.0,29503.0,1863.0
0.97,66022.0,1816.0,29651.0,1750.0,67838.0,0.0,31399.0,2.0,67720.0,32.0,29422.0,1944.0
0.969,65942.0,1896.0,29590.0,1811.0,67838.0,0.0,31398.0,3.0,67718.0,34.0,29321.0,2045.0
0.968,65866.0,1972.0,29527.0,1874.0,67838.0,0.0,31395.0,6.0,67715.0,37.0,29215.0,2151.0
0.967,65791.0,2047.0,29484.0,1917.0,,,,,67713.0,39.0,29118.0,2248.0
0.966,65718.0,2120.0,29430.0,1971.0,,,,,67712.0,40.0,29008.0,2358.0
0.965,65659.0,2179.0,29363.0,2038.0,,,,,67710.0,42.0,28905.0,2461.0
0.964,65583.0,2255.0,29307.0,2094.0,67838.0,0.0,31393.0,8.0,67707.0,45.0,28784.0,2582.0
0.963,65508.0,2330.0,29254.0,2147.0,67838.0,0.0,31391.0,10.0,67703.0,49.0,28684.0,2682.0
0.962,65431.0,2407.0,29193.0,2208.0,67838.0,0.0,31389.0,12.0,67702.0,50.0,28553.0,2813.0
0.961,65371.0,2467.0,29140.0,2261.0,67838.0,0.0,31380.0,21.0,67700.0,52.0,28413.0,2953.0
0.96,65291.0,2547.0,29090.0,2311.0,67838.0,0.0,31379.0,22.0,67699.0,53.0,28284.0,3082.0
0.959,65218.0,2620.0,29018.0,2383.0,67838.0,0.0,31373.0,28.0,67697.0,55.0,28147.0,3219.0
0.958,65134.0,2704.0,28966.0,2435.0,67838.0,0.0,31370.0,31.0,67695.0,57.0,28026.0,3340.0
0.957,65057.0,2781.0,28918.0,2483.0,67838.0,0.0,31366.0,35.0,67694.0,58.0,27914.0,3452.0
0.956,64977.0,2861.0,28852.0,2549.0,67838.0,0.0,31360.0,41.0,67694.0,58.0,27797.0,3569.0
0.955,64910.0,2928.0,28807.0,2594.0,67838.0,0.0,31355.0,46.0,67693.0,59.0,27674.0,3692.0
0.954,64813.0,3025.0,28761.0,2640.0,67838.0,0.0,31345.0,56.0,67691.0,61.0,27575.0,3791.0
0.953,64751.0,3087.0,28711.0,2690.0,67838.0,0.0,31334.0,67.0,67689.0,63.0,27444.0,3922.0
0.952,64671.0,3167.0,28659.0,2742.0,67838.0,0.0,31318.0,83.0,67687.0,65.0,27322.0,4044.0
0.951,64599.0,3239.0,28603.0,2798.0,67838.0,0.0,31309.0,92.0,67685.0,67.0,27209.0,4157.0
0.95,64531.0,3307.0,28548.0,2853.0,67838.0,0.0,31290.0,111.0,67685.0,67.0,27085.0,4281.0
0.949,64438.0,3400.0,28499.0,2902.0,67838.0,0.0,31280.0,121.0,67682.0,70.0,26953.0,4413.0
0.948,64368.0,3470.0,28464.0,2937.0,67838.0,0.0,31260.0,141.0,67681.0,71.0,26826.0,4540.0
0.947,64293.0,3545.0,28414.0,2987.0,67838.0,0.0,31239.0,162.0,67679.0,73.0,26686.0,4680.0
0.946,64216.0,3622.0,28357.0,3044.0,67838.0,0.0,31222.0,179.0,67678.0,74.0,26530.0,4836.0
0.945,64151.0,3687.0,28302.0,3099.0,67838.0,0.0,31205.0,196.0,67678.0,74.0,26412.0,4954.0
0.944,64080.0,3758.0,28258.0,3143.0,67838.0,0.0,31188.0,213.0,67675.0,77.0,26284.0,5082.0
0.943,64020.0,3818.0,28201.0,3200.0,67838.0,0.0,31158.0,243.0,67675.0,77.0,26155.0,5211.0
0.942,63945.0,3893.0,28154.0,3247.0,67838.0,0.0,31137.0,264.0,67674.0,78.0,26031.0,5335.0
0.941,63888.0,3950.0,28112.0,3289.0,67838.0,0.0,31108.0,293.0,67674.0,78.0,25916.0,5450.0
0.94,63822.0,4016.0,28067.0,3334.0,67838.0,0.0,31076.0,325.0,67673.0,79.0,25780.0,5586.0
0.939,63755.0,4083.0,28019.0,3382.0,67838.0,0.0,31048.0,353.0,67671.0,81.0,25661.0,5705.0
0.938,63686.0,4152.0,27972.0,3429.0,67838.0,0.0,31016.0,385.0,67670.0,82.0,25524.0,5842.0
0.937,63627.0,4211.0,27925.0,3476.0,67838.0,0.0,30977.0,424.0,67670.0,82.0,25392.0,5974.0
0.936,63544.0,4294.0,27875.0,3526.0,67838.0,0.0,30948.0,453.0,67668.0,84.0,25248.0,6118.0
0.935,63460.0,4378.0,27824.0,3577.0,67838.0,0.0,30912.0,489.0,67667.0,85.0,25111.0,6255.0
0.934,63391.0,4447.0,27777.0,3624.0,67837.0,1.0,30857.0,544.0,67665.0,87.0,24970.0,6396.0
0.933,63321.0,4517.0,27728.0,3673.0,67837.0,1.0,30809.0,592.0,67663.0,89.0,24829.0,6537.0
0.932,63254.0,4584.0,27682.0,3719.0,67837.0,1.0,30754.0,647.0,67662.0,90.0,24696.0,6670.0
0.931,63180.0,4658.0,27643.0,3758.0,67836.0,2.0,30702.0,699.0,67660.0,92.0,24556.0,6810.0
0.93,63112.0,4726.0,27594.0,3807.0,67835.0,3.0,30651.0,750.0,67659.0,93.0,24430.0,6936.0
0.929,63034.0,4804.0,27560.0,3841.0,67834.0,4.0,30587.0,814.0,67658.0,94.0,24289.0,7077.0
0.928,62944.0,4894.0,27515.0,3886.0,67834.0,4.0,30529.0,872.0,67656.0,96.0,24156.0,7210.0
0.927,62881.0,4957.0,27473.0,3928.0,67833.0,5.0,30440.0,961.0,67655.0,97.0,24005.0,7361.0
0.926,62805.0,5033.0,27417.0,3984.0,67832.0,6.0,30381.0,1020.0,67652.0,100.0,23874.0,7492.0
0.925,62724.0,5114.0,27389.0,4012.0,67832.0,6.0,30290.0,1111.0,67648.0,104.0,23744.0,7622.0
0.924,62648.0,5190.0,27340.0,4061.0,67830.0,8.0,30193.0,1208.0,67646.0,106.0,23613.0,7753.0
0.923,62596.0,5242.0,27295.0,4106.0,67827.0,11.0,30091.0,1310.0,67644.0,108.0,23466.0,7900.0
0.922,62519.0,5319.0,27251.0,4150.0,67825.0,13.0,29996.0,1405.0,67641.0,111.0,23339.0,8027.0
0.921,62463.0,5375.0,27217.0,4184.0,67823.0,15.0,29910.0,1491.0,67638.0,114.0,23210.0,8156.0
0.92,62388.0,5450.0,27171.0,4230.0,67819.0,19.0,29809.0,1592.0,67633.0,119.0,23088.0,8278.0
0.919,62312.0,5526.0,27120.0,4281.0,67817.0,21.0,29718.0,1683.0,67630.0,122.0,22951.0,8415.0
0.918,62244.0,5594.0,27079.0,4322.0,67815.0,23.0,29595.0,1806.0,67627.0,125.0,22832.0,8534.0
0.917,62172.0,5666.0,27025.0,4376.0,67812.0,26.0,29481.0,1920.0,67625.0,127.0,22727.0,8639.0
0.916,62096.0,5742.0,26991.0,4410.0,67810.0,28.0,29380.0,2021.0,67624.0,128.0,22612.0,8754.0
0.915,62029.0,5809.0,26942.0,4459.0,67810.0,28.0,29268.0,2133.0,67621.0,131.0,22494.0,8872.0
0.914,61967.0,5871.0,26901.0,4500.0,67808.0,30.0,29135.0,2266.0,67616.0,136.0,22353.0,9013.0
0.913,61886.0,5952.0,26856.0,4545.0,67802.0,36.0,28990.0,2411.0,67614.0,138.0,22227.0,9139.0
0.912,61815.0,6023.0,26805.0,4596.0,67796.0,42.0,28874.0,2527.0,67609.0,143.0,22123.0,9243.0
0.911,61745.0,6093.0,26767.0,4634.0,67791.0,47.0,28740.0,2661.0,67608.0,144.0,22015.0,9351.0
0.91,61673.0,6165.0,26728.0,4673.0,67789.0,49.0,28589.0,2812.0,67604.0,148.0,21908.0,9458.0
0.909,61610.0,6228.0,26685.0,4716.0,67784.0,54.0,28433.0,2968.0,67601.0,151.0,21790.0,9576.0
0.908,61520.0,6318.0,26647.0,4754.0,67774.0,64.0,28287.0,3114.0,67600.0,152.0,21661.0,9705.0
0.907,61467.0,6371.0,26605.0,4796.0,67766.0,72.0,28138.0,3263.0,67598.0,154.0,21545.0,9821.0
0.906,61389.0,6449.0,26569.0,4832.0,67758.0,80.0,27980.0,3421.0,67597.0,155.0,21423.0,9943.0
0.905,61324.0,6514.0,26523.0,4878.0,67752.0,86.0,27810.0,3591.0,67593.0,159.0,21310.0,10056.0
0.904,61231.0,6607.0,26466.0,4935.0,67747.0,91.0,27648.0,3753.0,67590.0,162.0,21206.0,10160.0
0.903,61164.0,6674.0,26407.0,4994.0,67741.0,97.0,27494.0,3907.0,67587.0,165.0,21095.0,10271.0
0.902,61114.0,6724.0,26369.0,5032.0,67736.0,102.0,27336.0,4065.0,67586.0,166.0,20987.0,10379.0
0.901,61055.0,6783.0,26325.0,5076.0,67726.0,112.0,27169.0,4232.0,67583.0,169.0,20893.0,10473.0
0.9,60980.0,6858.0,26296.0,5105.0,67722.0,116.0,27005.0,4396.0,67577.0,175.0,20770.0,10596.0
0.899,60910.0,6928.0,26257.0,5144.0,67719.0,119.0,26819.0,4582.0,67574.0,178.0,20665.0,10701.0
0.898,60850.0,6988.0,26208.0,5193.0,67716.0,122.0,26645.0,4756.0,67573.0,179.0,20576.0,10790.0
0.897,60797.0,7041.0,26171.0,5230.0,67714.0,124.0,26480.0,4921.0,67570.0,182.0,20481.0,10885.0
0.896,60717.0,7121.0,26145.0,5256.0,67711.0,127.0,26285.0,5116.0,67568.0,184.0,20396.0,10970.0
0.895,60651.0,7187.0,26101.0,5300.0,67704.0,134.0,26066.0,5335.0,67564.0,188.0,20298.0,11068.0
0.894,60588.0,7250.0,26058.0,5343.0,67703.0,135.0,25881.0,5520.0,67562.0,190.0,20204.0,11162.0
0.893,60512.0,7326.0,26022.0,5379.0,67700.0,138.0,25678.0,5723.0,67560.0,192.0,20120.0,11246.0
0.892,60448.0,7390.0,25988.0,5413.0,67699.0,139.0,25492.0,5909.0,67557.0,195.0,20042.0,11324.0
0.891,60385.0,7453.0,25951.0,5450.0,67697.0,141.0,25305.0,6096.0,67556.0,196.0,19947.0,11419.0
0.89,60320.0,7518.0,25901.0,5500.0,67696.0,142.0,25134.0,6267.0,67555.0,197.0,19873.0,11493.0
0.889,60256.0,7582.0,25860.0,5541.0,67692.0,146.0,24944.0,6457.0,67551.0,201.0,19771.0,11595.0
0.888,60183.0,7655.0,25824.0,5577.0,67691.0,147.0,24753.0,6648.0,67548.0,204.0,19686.0,11680.0
0.887,60124.0,7714.0,25793.0,5608.0,67691.0,147.0,24551.0,6850.0,67544.0,208.0,19579.0,11787.0
0.886,60048.0,7790.0,25761.0,5640.0,67689.0,149.0,24392.0,7009.0,67538.0,214.0,19501.0,11865.0
0.885,59972.0,7866.0,25729.0,5672.0,67689.0,149.0,24239.0,7162.0,67537.0,215.0,19427.0,11939.0
0.884,59901.0,7937.0,25679.0,5722.0,67687.0,151.0,24082.0,7319.0,67533.0,219.0,19349.0,12017.0
0.883,59845.0,7993.0,25648.0,5753.0,67685.0,153.0,23913.0,7488.0,67529.0,223.0,19261.0,12105.0
0.882,59777.0,8061.0,25614.0,5787.0,67685.0,153.0,23734.0,7667.0,67527.0,225.0,19181.0,12185.0
0.881,59715.0,8123.0,25579.0,5822.0,67683.0,155.0,23590.0,7811.0,67525.0,227.0,19085.0,12281.0
0.88,59655.0,8183.0,25548.0,5853.0,67683.0,155.0,23425.0,7976.0,67521.0,231.0,18992.0,12374.0
0.879,59584.0,8254.0,25511.0,5890.0,67682.0,156.0,23273.0,8128.0,67517.0,235.0,18920.0,12446.0
0.878,59521.0,8317.0,25485.0,5916.0,67680.0,158.0,23137.0,8264.0,67513.0,239.0,18841.0,12525.0
0.877,59460.0,8378.0,25445.0,5956.0,67678.0,160.0,22971.0,8430.0,67509.0,243.0,18757.0,12609.0
0.876,59389.0,8449.0,25414.0,5987.0,67678.0,160.0,22802.0,8599.0,67504.0,248.0,18683.0,12683.0
0.875,59340.0,8498.0,25385.0,6016.0,67677.0,161.0,22665.0,8736.0,67500.0,252.0,18609.0,12757.0
0.874,59286.0,8552.0,25352.0,6049.0,67676.0,162.0,22522.0,8879.0,67494.0,258.0,18524.0,12842.0
0.873,59221.0,8617.0,25318.0,6083.0,67673.0,165.0,22376.0,9025.0,67490.0,262.0,18453.0,12913.0
0.872,59152.0,8686.0,25278.0,6123.0,67673.0,165.0,22228.0,9173.0,67486.0,266.0,18384.0,12982.0
0.871,59082.0,8756.0,25234.0,6167.0,67673.0,165.0,22093.0,9308.0,67485.0,267.0,18314.0,13052.0
0.87,59022.0,8816.0,25199.0,6202.0,67673.0,165.0,21943.0,9458.0,67482.0,270.0,18237.0,13129.0
0.869,58945.0,8893.0,25165.0,6236.0,67672.0,166.0,21804.0,9597.0,67477.0,275.0,18178.0,13188.0
0.868,58870.0,8968.0,25128.0,6273.0,67671.0,167.0,21657.0,9744.0,67471.0,281.0,18095.0,13271.0
0.867,58800.0,9038.0,25085.0,6316.0,67668.0,170.0,21514.0,9887.0,67465.0,287.0,18007.0,13359.0
0.866,58730.0,9108.0,25049.0,6352.0,67668.0,170.0,21383.0,10018.0,67460.0,292.0,17940.0,13426.0
0.865,58663.0,9175.0,25022.0,6379.0,67668.0,170.0,21248.0,10153.0,67452.0,300.0,17876.0,13490.0
0.864,58601.0,9237.0,24995.0,6406.0,67668.0,170.0,21111.0,10290.0,67445.0,307.0,17811.0,13555.0
0.863,58528.0,9310.0,24970.0,6431.0,67667.0,171.0,20989.0,10412.0,67434.0,318.0,17729.0,13637.0
0.862,58459.0,9379.0,24940.0,6461.0,67667.0,171.0,20860.0,10541.0,67430.0,322.0,17670.0,13696.0
0.861,58390.0,9448.0,24914.0,6487.0,67667.0,171.0,20698.0,10703.0,67425.0,327.0,17602.0,13764.0
0.86,58330.0,9508.0,24877.0,6524.0,67667.0,171.0,20567.0,10834.0,67417.0,335.0,17536.0,13830.0
0.859,58252.0,9586.0,24840.0,6561.0,67666.0,172.0,20427.0,10974.0,67411.0,341.0,17483.0,13883.0
0.858,58192.0,9646.0,24798.0,6603.0,67666.0,172.0,20290.0,11111.0,67403.0,349.0,17425.0,13941.0
0.857,58139.0,9699.0,24760.0,6641.0,67666.0,172.0,20169.0,11232.0,67393.0,359.0,17357.0,14009.0
0.856,58084.0,9754.0,24725.0,6676.0,67666.0,172.0,20061.0,11340.0,67385.0,367.0,17301.0,14065.0
0.855,58020.0,9818.0,24682.0,6719.0,67664.0,174.0,19966.0,11435.0,67377.0,375.0,17237.0,14129.0
0.854,57942.0,9896.0,24645.0,6756.0,67663.0,175.0,19860.0,11541.0,67370.0,382.0,17178.0,14188.0
0.853,57882.0,9956.0,24610.0,6791.0,67662.0,176.0,19767.0,11634.0,67365.0,387.0,17118.0,14248.0
0.852,57813.0,10025.0,24581.0,6820.0,67662.0,176.0,19669.0,11732.0,67361.0,391.0,17062.0,14304.0
0.851,57751.0,10087.0,24549.0,6852.0,67662.0,176.0,19569.0,11832.0,67358.0,394.0,16993.0,14373.0
0.85,57694.0,10144.0,24515.0,6886.0,67660.0,178.0,19470.0,11931.0,67346.0,406.0,16941.0,14425.0
0.849,57620.0,10218.0,24483.0,6918.0,67656.0,182.0,19372.0,12029.0,67341.0,411.0,16879.0,14487.0
0.848,57572.0,10266.0,24450.0,6951.0,67656.0,182.0,19271.0,12130.0,67337.0,415.0,16811.0,14555.0
0.847,57517.0,10321.0,24421.0,6980.0,67656.0,182.0,19185.0,12216.0,67328.0,424.0,16737.0,14629.0
0.846,57455.0,10383.0,24386.0,7015.0,67654.0,184.0,19111.0,12290.0,67318.0,434.0,16679.0,14687.0
0.845,57394.0,10444.0,24361.0,7040.0,67652.0,186.0,19031.0,12370.0,67307.0,445.0,16604.0,14762.0
0.844,57333.0,10505.0,24321.0,7080.0,67651.0,187.0,18952.0,12449.0,67298.0,454.0,16530.0,14836.0
0.843,57266.0,10572.0,24279.0,7122.0,67649.0,189.0,18861.0,12540.0,67291.0,461.0,16486.0,14880.0
0.842,57218.0,10620.0,24250.0,7151.0,67648.0,190.0,18793.0,12608.0,67287.0,465.0,16424.0,14942.0
0.841,57162.0,10676.0,24208.0,7193.0,67645.0,193.0,18704.0,12697.0,67281.0,471.0,16368.0,14998.0
0.84,57095.0,10743.0,24182.0,7219.0,67644.0,194.0,18630.0,12771.0,67271.0,481.0,16313.0,15053.0
0.839,57040.0,10798.0,24149.0,7252.0,67643.0,195.0,18548.0,12853.0,67254.0,498.0,16252.0,15114.0
0.838,56985.0,10853.0,24121.0,7280.0,67643.0,195.0,18478.0,12923.0,67244.0,508.0,16183.0,15183.0
0.837,56925.0,10913.0,24082.0,7319.0,67639.0,199.0,18410.0,12991.0,67235.0,517.0,16117.0,15249.0
0.836,56863.0,10975.0,24056.0,7345.0,67638.0,200.0,18343.0,13058.0,67226.0,526.0,16070.0,15296.0
0.835,56798.0,11040.0,24027.0,7374.0,67638.0,200.0,18255.0,13146.0,67219.0,533.0,16009.0,15357.0
0.834,56740.0,11098.0,24007.0,7394.0,67638.0,200.0,18177.0,13224.0,67203.0,549.0,15964.0,15402.0
0.833,56686.0,11152.0,23969.0,7432.0,67631.0,207.0,18101.0,13300.0,67191.0,561.0,15909.0,15457.0
0.832,56619.0,11219.0,23929.0,7472.0,67628.0,210.0,18007.0,13394.0,67183.0,569.0,15852.0,15514.0
0.831,56564.0,11274.0,23900.0,7501.0,67627.0,211.0,17932.0,13469.0,67175.0,577.0,15798.0,15568.0
0.83,56503.0,11335.0,23875.0,7526.0,67625.0,213.0,17871.0,13530.0,67163.0,589.0,15736.0,15630.0
0.829,56451.0,11387.0,23843.0,7558.0,67625.0,213.0,17805.0,13596.0,67146.0,606.0,15690.0,15676.0
0.828,56393.0,11445.0,23817.0,7584.0,67623.0,215.0,17734.0,13667.0,67139.0,613.0,15631.0,15735.0
0.827,56326.0,11512.0,23784.0,7617.0,67621.0,217.0,17668.0,13733.0,67127.0,625.0,15584.0,15782.0
0.826,56257.0,11581.0,23752.0,7649.0,67617.0,221.0,17605.0,13796.0,67123.0,629.0,15535.0,15831.0
0.825,56189.0,11649.0,23724.0,7677.0,67615.0,223.0,17548.0,13853.0,67111.0,641.0,15475.0,15891.0
0.824,56121.0,11717.0,23701.0,7700.0,67612.0,226.0,17488.0,13913.0,67101.0,651.0,15421.0,15945.0
0.823,56065.0,11773.0,23666.0,7735.0,67611.0,227.0,17434.0,13967.0,67091.0,661.0,15370.0,15996.0
0.822,55993.0,11845.0,23631.0,7770.0,67611.0,227.0,17376.0,14025.0,67075.0,677.0,15313.0,16053.0
0.821,55941.0,11897.0,23598.0,7803.0,67608.0,230.0,17313.0,14088.0,67070.0,682.0,15268.0,16098.0
0.82,55874.0,11964.0,23564.0,7837.0,67604.0,234.0,17240.0,14161.0,67057.0,695.0,15225.0,16141.0
0.819,55814.0,12024.0,23539.0,7862.0,67601.0,237.0,17181.0,14220.0,67047.0,705.0,15180.0,16186.0
0.818,55739.0,12099.0,23511.0,7890.0,67597.0,241.0,17113.0,14288.0,67036.0,716.0,15124.0,16242.0
0.817,55662.0,12176.0,23479.0,7922.0,67592.0,246.0,17052.0,14349.0,67026.0,726.0,15065.0,16301.0
0.816,55599.0,12239.0,23439.0,7962.0,67590.0,248.0,16985.0,14416.0,67007.0,745.0,15022.0,16344.0
0.815,55546.0,12292.0,23405.0,7996.0,67587.0,251.0,16919.0,14482.0,66998.0,754.0,14971.0,16395.0
0.814,55496.0,12342.0,23374.0,8027.0,67584.0,254.0,16857.0,14544.0,66989.0,763.0,14907.0,16459.0
0.813,55438.0,12400.0,23336.0,8065.0,67581.0,257.0,16813.0,14588.0,66978.0,774.0,14856.0,16510.0
0.812,55382.0,12456.0,23303.0,8098.0,67577.0,261.0,16751.0,14650.0,66967.0,785.0,14801.0,16565.0
0.811,55339.0,12499.0,23274.0,8127.0,67575.0,263.0,16700.0,14701.0,66957.0,795.0,14747.0,16619.0
0.81,55273.0,12565.0,23250.0,8151.0,67572.0,266.0,16638.0,14763.0,66944.0,808.0,14696.0,16670.0
0.809,55205.0,12633.0,23219.0,8182.0,67570.0,268.0,16577.0,14824.0,66937.0,815.0,14643.0,16723.0
0.808,55152.0,12686.0,23184.0,8217.0,67569.0,269.0,16514.0,14887.0,66924.0,828.0,14587.0,16779.0
0.807,55085.0,12753.0,23155.0,8246.0,67567.0,271.0,16448.0,14953.0,66911.0,841.0,14543.0,16823.0
0.806,55029.0,12809.0,23130.0,8271.0,67564.0,274.0,16387.0,15014.0,66897.0,855.0,14498.0,16868.0
0.805,54970.0,12868.0,23096.0,8305.0,67564.0,274.0,16324.0,15077.0,66883.0,869.0,14437.0,16929.0
0.804,54919.0,12919.0,23057.0,8344.0,67562.0,276.0,16262.0,15139.0,66878.0,874.0,14384.0,16982.0
0.803,54861.0,12977.0,23019.0,8382.0,67560.0,278.0,16200.0,15201.0,66869.0,883.0,14328.0,17038.0
0.802,54800.0,13038.0,22985.0,8416.0,67556.0,282.0,16152.0,15249.0,66855.0,897.0,14290.0,17076.0
0.801,54747.0,13091.0,22955.0,8446.0,67552.0,286.0,16101.0,15300.0,66840.0,912.0,14240.0,17126.0
0.8,54691.0,13147.0,22929.0,8472.0,67547.0,291.0,16050.0,15351.0,66824.0,928.0,14198.0,17168.0
0.799,54631.0,13207.0,22899.0,8502.0,67547.0,291.0,16003.0,15398.0,66805.0,947.0,14150.0,17216.0
0.798,54568.0,13270.0,22871.0,8530.0,67545.0,293.0,15950.0,15451.0,66788.0,964.0,14101.0,17265.0
0.797,54513.0,13325.0,22842.0,8559.0,67544.0,294.0,15904.0,15497.0,66771.0,981.0,14047.0,17319.0
0.796,54464.0,13374.0,22817.0,8584.0,67540.0,298.0,15841.0,15560.0,66759.0,993.0,14005.0,17361.0
0.795,54401.0,13437.0,22789.0,8612.0,67538.0,300.0,15788.0,15613.0,66735.0,1017.0,13950.0,17416.0
0.794,54335.0,13503.0,22764.0,8637.0,67535.0,303.0,15742.0,15659.0,66717.0,1035.0,13896.0,17470.0
0.793,54277.0,13561.0,22727.0,8674.0,67532.0,306.0,15681.0,15720.0,66707.0,1045.0,13840.0,17526.0
0.792,54204.0,13634.0,22696.0,8705.0,67528.0,310.0,15633.0,15768.0,66693.0,1059.0,13794.0,17572.0
0.791,54142.0,13696.0,22658.0,8743.0,67524.0,314.0,15582.0,15819.0,66674.0,1078.0,13739.0,17627.0
0.79,54085.0,13753.0,22628.0,8773.0,67521.0,317.0,15528.0,15873.0,66660.0,1092.0,13695.0,17671.0
0.789,54014.0,13824.0,22601.0,8800.0,67516.0,322.0,15475.0,15926.0,66647.0,1105.0,13646.0,17720.0
0.788,53939.0,13899.0,22571.0,8830.0,67513.0,325.0,15429.0,15972.0,66631.0,1121.0,13581.0,17785.0
0.787,53880.0,13958.0,22538.0,8863.0,67511.0,327.0,15380.0,16021.0,66611.0,1141.0,13523.0,17843.0
0.786,53806.0,14032.0,22515.0,8886.0,67507.0,331.0,15336.0,16065.0,66593.0,1159.0,13473.0,17893.0
0.785,53748.0,14090.0,22493.0,8908.0,67507.0,331.0,15296.0,16105.0,66573.0,1179.0,13429.0,17937.0
0.784,53684.0,14154.0,22469.0,8932.0,67506.0,332.0,15245.0,16156.0,66555.0,1197.0,13386.0,17980.0
0.783,53623.0,14215.0,22447.0,8954.0,67503.0,335.0,15185.0,16216.0,66536.0,1216.0,13334.0,18032.0
0.782,53567.0,14271.0,22406.0,8995.0,67499.0,339.0,15136.0,16265.0,66517.0,1235.0,13279.0,18087.0
0.781,53507.0,14331.0,22382.0,9019.0,67498.0,340.0,15079.0,16322.0,66502.0,1250.0,13235.0,18131.0
0.78,53443.0,14395.0,22367.0,9034.0,67495.0,343.0,15039.0,16362.0,66491.0,1261.0,13181.0,18185.0
0.779,53386.0,14452.0,22344.0,9057.0,67493.0,345.0,14993.0,16408.0,66480.0,1272.0,13136.0,18230.0
0.778,53314.0,14524.0,22313.0,9088.0,67489.0,349.0,14942.0,16459.0,66451.0,1301.0,13098.0,18268.0
0.777,53254.0,14584.0,22276.0,9125.0,67485.0,353.0,14889.0,16512.0,66438.0,1314.0,13047.0,18319.0
0.776,53197.0,14641.0,22253.0,9148.0,67484.0,354.0,14823.0,16578.0,66422.0,1330.0,12996.0,18370.0
0.775,53136.0,14702.0,22221.0,9180.0,67480.0,358.0,14760.0,16641.0,66404.0,1348.0,12948.0,18418.0
0.774,53089.0,14749.0,22193.0,9208.0,67476.0,362.0,14707.0,16694.0,66388.0,1364.0,12898.0,18468.0
0.773,53044.0,14794.0,22171.0,9230.0,67470.0,368.0,14657.0,16744.0,66371.0,1381.0,12854.0,18512.0
0.772,52983.0,14855.0,22140.0,9261.0,67470.0,368.0,14604.0,16797.0,66352.0,1400.0,12803.0,18563.0
0.771,52913.0,14925.0,22110.0,9291.0,67468.0,370.0,14551.0,16850.0,66330.0,1422.0,12748.0,18618.0
0.77,52856.0,14982.0,22079.0,9322.0,67467.0,371.0,14505.0,16896.0,66313.0,1439.0,12705.0,18661.0
0.769,52811.0,15027.0,22052.0,9349.0,67465.0,373.0,14459.0,16942.0,66298.0,1454.0,12670.0,18696.0
0.768,52761.0,15077.0,22016.0,9385.0,67461.0,377.0,14412.0,16989.0,66282.0,1470.0,12620.0,18746.0
0.767,52708.0,15130.0,21992.0,9409.0,67461.0,377.0,14366.0,17035.0,66262.0,1490.0,12568.0,18798.0
0.766,52641.0,15197.0,21967.0,9434.0,67457.0,381.0,14320.0,17081.0,66238.0,1514.0,12532.0,18834.0
0.765,52582.0,15256.0,21939.0,9462.0,67454.0,384.0,14265.0,17136.0,66214.0,1538.0,12478.0,18888.0
0.764,52508.0,15330.0,21900.0,9501.0,67451.0,387.0,14201.0,17200.0,66184.0,1568.0,12430.0,18936.0
0.763,52452.0,15386.0,21870.0,9531.0,67447.0,391.0,14157.0,17244.0,66158.0,1594.0,12395.0,18971.0
0.762,52384.0,15454.0,21844.0,9557.0,67443.0,395.0,14107.0,17294.0,66137.0,1615.0,12340.0,19026.0
0.761,52315.0,15523.0,21815.0,9586.0,67442.0,396.0,14052.0,17349.0,66117.0,1635.0,12304.0,19062.0
0.76,52265.0,15573.0,21779.0,9622.0,67437.0,401.0,14001.0,17400.0,66096.0,1656.0,12263.0,19103.0
0.759,52208.0,15630.0,21750.0,9651.0,67432.0,406.0,13959.0,17442.0,66079.0,1673.0,12212.0,19154.0
0.758,52145.0,15693.0,21725.0,9676.0,67432.0,406.0,13899.0,17502.0,66057.0,1695.0,12170.0,19196.0
0.757,52091.0,15747.0,21704.0,9697.0,67429.0,409.0,13859.0,17542.0,66038.0,1714.0,12132.0,19234.0
0.756,52028.0,15810.0,21683.0,9718.0,67425.0,413.0,13792.0,17609.0,66020.0,1732.0,12087.0,19279.0
0.755,51971.0,15867.0,21657.0,9744.0,67418.0,420.0,13755.0,17646.0,66001.0,1751.0,12045.0,19321.0
0.754,51903.0,15935.0,21629.0,9772.0,67416.0,422.0,13713.0,17688.0,65980.0,1772.0,12005.0,19361.0
0.753,51844.0,15994.0,21593.0,9808.0,67413.0,425.0,13668.0,17733.0,65961.0,1791.0,11979.0,19387.0
0.752,51778.0,16060.0,21555.0,9846.0,67412.0,426.0,13614.0,17787.0,65947.0,1805.0,11928.0,19438.0
0.751,51721.0,16117.0,21526.0,9875.0,67408.0,430.0,13574.0,17827.0,65921.0,1831.0,11894.0,19472.0
0.75,51663.0,16175.0,21506.0,9895.0,67403.0,435.0,13541.0,17860.0,65896.0,1856.0,11847.0,19519.0
0.749,51609.0,16229.0,21479.0,9922.0,67400.0,438.0,13503.0,17898.0,65873.0,1879.0,11815.0,19551.0
0.748,51546.0,16292.0,21454.0,9947.0,67397.0,441.0,13462.0,17939.0,65854.0,1898.0,11781.0,19585.0
0.747,51490.0,16348.0,21425.0,9976.0,67389.0,449.0,13424.0,17977.0,65836.0,1916.0,11737.0,19629.0
0.746,51434.0,16404.0,21402.0,9999.0,67386.0,452.0,13380.0,18021.0,65813.0,1939.0,11694.0,19672.0
0.745,51383.0,16455.0,21372.0,10029.0,67382.0,456.0,13342.0,18059.0,65797.0,1955.0,11647.0,19719.0
0.744,51317.0,16521.0,21347.0,10054.0,67380.0,458.0,13291.0,18110.0,65777.0,1975.0,11599.0,19767.0
0.743,51241.0,16597.0,21318.0,10083.0,67378.0,460.0,13237.0,18164.0,65754.0,1998.0,11558.0,19808.0
0.742,51184.0,16654.0,21297.0,10104.0,67376.0,462.0,13190.0,18211.0,65734.0,2018.0,11512.0,19854.0
0.741,51129.0,16709.0,21274.0,10127.0,67374.0,464.0,13156.0,18245.0,65708.0,2044.0,11473.0,19893.0
0.74,51067.0,16771.0,21252.0,10149.0,67373.0,465.0,13115.0,18286.0,65684.0,2068.0,11431.0,19935.0
0.739,51022.0,16816.0,21216.0,10185.0,67367.0,471.0,13067.0,18334.0,65665.0,2087.0,11385.0,19981.0
0.738,50961.0,16877.0,21188.0,10213.0,67362.0,476.0,13022.0,18379.0,65637.0,2115.0,11349.0,20017.0
0.737,50894.0,16944.0,21160.0,10241.0,67359.0,479.0,12975.0,18426.0,65618.0,2134.0,11320.0,20046.0
0.736,50842.0,16996.0,21148.0,10253.0,67354.0,484.0,12929.0,18472.0,65598.0,2154.0,11284.0,20082.0
0.735,50798.0,17040.0,21123.0,10278.0,67347.0,491.0,12881.0,18520.0,65575.0,2177.0,11247.0,20119.0
0.734,50747.0,17091.0,21098.0,10303.0,67342.0,496.0,12850.0,18551.0,65548.0,2204.0,11214.0,20152.0
0.733,50690.0,17148.0,21075.0,10326.0,67337.0,501.0,12811.0,18590.0,65535.0,2217.0,11180.0,20186.0
0.732,50617.0,17221.0,21051.0,10350.0,67333.0,505.0,12771.0,18630.0,65512.0,2240.0,11143.0,20223.0
0.731,50548.0,17290.0,21017.0,10384.0,67331.0,507.0,12723.0,18678.0,65489.0,2263.0,11106.0,20260.0
0.73,50476.0,17362.0,20991.0,10410.0,67326.0,512.0,12694.0,18707.0,65473.0,2279.0,11071.0,20295.0
0.729,50425.0,17413.0,20951.0,10450.0,67321.0,517.0,12663.0,18738.0,65445.0,2307.0,11043.0,20323.0
0.728,50374.0,17464.0,20930.0,10471.0,67316.0,522.0,12634.0,18767.0,65424.0,2328.0,10999.0,20367.0
0.727,50316.0,17522.0,20906.0,10495.0,67308.0,530.0,12590.0,18811.0,65400.0,2352.0,10957.0,20409.0
0.726,50264.0,17574.0,20884.0,10517.0,67305.0,533.0,12548.0,18853.0,65375.0,2377.0,10918.0,20448.0
0.725,50201.0,17637.0,20857.0,10544.0,67303.0,535.0,12521.0,18880.0,65353.0,2399.0,10887.0,20479.0
0.724,50148.0,17690.0,20832.0,10569.0,67298.0,540.0,12481.0,18920.0,65334.0,2418.0,10850.0,20516.0
0.723,50084.0,17754.0,20807.0,10594.0,67294.0,544.0,12435.0,18966.0,65312.0,2440.0,10815.0,20551.0
0.722,50030.0,17808.0,20775.0,10626.0,67287.0,551.0,12398.0,19003.0,65280.0,2472.0,10784.0,20582.0
0.721,49984.0,17854.0,20748.0,10653.0,67284.0,554.0,12352.0,19049.0,65261.0,2491.0,10746.0,20620.0
0.72,49937.0,17901.0,20723.0,10678.0,67280.0,558.0,12310.0,19091.0,65231.0,2521.0,10713.0,20653.0
0.719,49877.0,17961.0,20696.0,10705.0,67275.0,563.0,12267.0,19134.0,65202.0,2550.0,10683.0,20683.0
0.718,49824.0,18014.0,20658.0,10743.0,67270.0,568.0,12233.0,19168.0,65178.0,2574.0,10654.0,20712.0
0.717,49772.0,18066.0,20627.0,10774.0,67265.0,573.0,12192.0,19209.0,65140.0,2612.0,10626.0,20740.0
0.716,49719.0,18119.0,20606.0,10795.0,67260.0,578.0,12140.0,19261.0,65107.0,2645.0,10607.0,20759.0
0.715,49664.0,18174.0,20580.0,10821.0,67255.0,583.0,12102.0,19299.0,65076.0,2676.0,10572.0,20794.0
0.714,49593.0,18245.0,20556.0,10845.0,67252.0,586.0,12058.0,19343.0,65045.0,2707.0,10541.0,20825.0
0.713,49537.0,18301.0,20530.0,10871.0,67245.0,593.0,12016.0,19385.0,65012.0,2740.0,10512.0,20854.0
0.712,49470.0,18368.0,20504.0,10897.0,67240.0,598.0,11963.0,19438.0,64981.0,2771.0,10484.0,20882.0
0.711,49417.0,18421.0,20477.0,10924.0,67231.0,607.0,11916.0,19485.0,64946.0,2806.0,10450.0,20916.0
0.71,49362.0,18476.0,20452.0,10949.0,67224.0,614.0,11875.0,19526.0,64918.0,2834.0,10424.0,20942.0
0.709,49310.0,18528.0,20428.0,10973.0,67219.0,619.0,11831.0,19570.0,64894.0,2858.0,10391.0,20975.0
0.708,49241.0,18597.0,20394.0,11007.0,67216.0,622.0,11790.0,19611.0,64865.0,2887.0,10360.0,21006.0
0.707,49185.0,18653.0,20380.0,11021.0,67212.0,626.0,11749.0,19652.0,64828.0,2924.0,10338.0,21028.0
0.706,49119.0,18719.0,20359.0,11042.0,67210.0,628.0,11708.0,19693.0,64800.0,2952.0,10314.0,21052.0
0.705,49062.0,18776.0,20333.0,11068.0,67205.0,633.0,11669.0,19732.0,64775.0,2977.0,10280.0,21086.0
0.704,49001.0,18837.0,20312.0,11089.0,67203.0,635.0,11624.0,19777.0,64746.0,3006.0,10249.0,21117.0
0.703,48939.0,18899.0,20289.0,11112.0,67196.0,642.0,11576.0,19825.0,64724.0,3028.0,10216.0,21150.0
0.702,48896.0,18942.0,20266.0,11135.0,67186.0,652.0,11535.0,19866.0,64692.0,3060.0,10194.0,21172.0
0.701,48825.0,19013.0,20246.0,11155.0,67176.0,662.0,11497.0,19904.0,64663.0,3089.0,10158.0,21208.0
0.7,48756.0,19082.0,20219.0,11182.0,67171.0,667.0,11447.0,19954.0,64645.0,3107.0,10137.0,21229.0
0.699,48689.0,19149.0,20203.0,11198.0,67156.0,682.0,11420.0,19981.0,64620.0,3132.0,10105.0,21261.0
0.698,48625.0,19213.0,20181.0,11220.0,67149.0,689.0,11381.0,20020.0,64582.0,3170.0,10074.0,21292.0
0.697,48581.0,19257.0,20154.0,11247.0,67142.0,696.0,11328.0,20073.0,64541.0,3211.0,10052.0,21314.0
0.696,48506.0,19332.0,20136.0,11265.0,67138.0,700.0,11268.0,20133.0,64513.0,3239.0,10014.0,21352.0
0.695,48450.0,19388.0,20108.0,11293.0,67126.0,712.0,11237.0,20164.0,64483.0,3269.0,9986.0,21380.0
0.694,48395.0,19443.0,20079.0,11322.0,67119.0,719.0,11192.0,20209.0,64453.0,3299.0,9957.0,21409.0
0.693,48334.0,19504.0,20044.0,11357.0,67111.0,727.0,11147.0,20254.0,64416.0,3336.0,9924.0,21442.0
0.692,48268.0,19570.0,20020.0,11381.0,67101.0,737.0,11108.0,20293.0,64389.0,3363.0,9894.0,21472.0
0.691,48198.0,19640.0,19987.0,11414.0,67094.0,744.0,11074.0,20327.0,64346.0,3406.0,9864.0,21502.0
0.69,48139.0,19699.0,19972.0,11429.0,67089.0,749.0,11040.0,20361.0,64318.0,3434.0,9844.0,21522.0
0.689,48079.0,19759.0,19948.0,11453.0,67079.0,759.0,10992.0,20409.0,64276.0,3476.0,9813.0,21553.0
0.688,48027.0,19811.0,19932.0,11469.0,67074.0,764.0,10957.0,20444.0,64241.0,3511.0,9783.0,21583.0
0.687,47973.0,19865.0,19913.0,11488.0,67066.0,772.0,10919.0,20482.0,64200.0,3552.0,9754.0,21612.0
0.686,47924.0,19914.0,19886.0,11515.0,67056.0,782.0,10871.0,20530.0,64172.0,3580.0,9734.0,21632.0
0.685,47877.0,19961.0,19857.0,11544.0,67051.0,787.0,10834.0,20567.0,64139.0,3613.0,9716.0,21650.0
0.684,47814.0,20024.0,19830.0,11571.0,67045.0,793.0,10794.0,20607.0,64101.0,3651.0,9681.0,21685.0
0.683,47752.0,20086.0,19809.0,11592.0,67041.0,797.0,10744.0,20657.0,64061.0,3691.0,9650.0,21716.0
0.682,47693.0,20145.0,19790.0,11611.0,67035.0,803.0,10691.0,20710.0,64013.0,3739.0,9627.0,21739.0
0.681,47643.0,20195.0,19766.0,11635.0,67027.0,811.0,10643.0,20758.0,63994.0,3758.0,9601.0,21765.0
0.68,47585.0,20253.0,19747.0,11654.0,67019.0,819.0,10607.0,20794.0,63962.0,3790.0,9583.0,21783.0
0.679,47525.0,20313.0,19720.0,11681.0,67007.0,831.0,10570.0,20831.0,63930.0,3822.0,9553.0,21813.0
0.678,47469.0,20369.0,19697.0,11704.0,66996.0,842.0,10520.0,20881.0,63894.0,3858.0,9531.0,21835.0
0.677,47410.0,20428.0,19672.0,11729.0,66981.0,857.0,10487.0,20914.0,63861.0,3891.0,9500.0,21866.0
0.676,47353.0,20485.0,19654.0,11747.0,66968.0,870.0,10454.0,20947.0,63820.0,3932.0,9472.0,21894.0
0.675,47298.0,20540.0,19623.0,11778.0,66958.0,880.0,10415.0,20986.0,63785.0,3967.0,9445.0,21921.0
0.674,47246.0,20592.0,19600.0,11801.0,66952.0,886.0,10377.0,21024.0,63739.0,4013.0,9431.0,21935.0
0.673,47200.0,20638.0,19579.0,11822.0,66942.0,896.0,10332.0,21069.0,63702.0,4050.0,9405.0,21961.0
0.672,47147.0,20691.0,19552.0,11849.0,66930.0,908.0,10300.0,21101.0,63666.0,4086.0,9381.0,21985.0
0.671,47081.0,20757.0,19536.0,11865.0,66917.0,921.0,10264.0,21137.0,63628.0,4124.0,9354.0,22012.0
0.67,47025.0,20813.0,19515.0,11886.0,66903.0,935.0,10225.0,21176.0,63595.0,4157.0,9326.0,22040.0
0.669,46961.0,20877.0,19495.0,11906.0,66896.0,942.0,10189.0,21212.0,63559.0,4193.0,9300.0,22066.0
0.668,46901.0,20937.0,19477.0,11924.0,66891.0,947.0,10142.0,21259.0,63526.0,4226.0,9275.0,22091.0
0.667,46853.0,20985.0,19449.0,11952.0,66885.0,953.0,10105.0,21296.0,63494.0,4258.0,9250.0,22116.0
0.666,46799.0,21039.0,19427.0,11974.0,66875.0,963.0,10076.0,21325.0,63457.0,4295.0,9220.0,22146.0
0.665,46742.0,21096.0,19400.0,12001.0,66867.0,971.0,10036.0,21365.0,63419.0,4333.0,9188.0,22178.0
0.664,46696.0,21142.0,19364.0,12037.0,66860.0,978.0,10006.0,21395.0,63389.0,4363.0,9160.0,22206.0
0.663,46643.0,21195.0,19335.0,12066.0,66850.0,988.0,9970.0,21431.0,63352.0,4400.0,9131.0,22235.0
0.662,46580.0,21258.0,19311.0,12090.0,66833.0,1005.0,9933.0,21468.0,63320.0,4432.0,9106.0,22260.0
0.661,46516.0,21322.0,19275.0,12126.0,66821.0,1017.0,9882.0,21519.0,63286.0,4466.0,9085.0,22281.0
0.66,46457.0,21381.0,19248.0,12153.0,66811.0,1027.0,9848.0,21553.0,63249.0,4503.0,9058.0,22308.0
0.659,46389.0,21449.0,19233.0,12168.0,66803.0,1035.0,9805.0,21596.0,63206.0,4546.0,9034.0,22332.0
0.658,46325.0,21513.0,19207.0,12194.0,66790.0,1048.0,9769.0,21632.0,63168.0,4584.0,9009.0,22357.0
0.657,46268.0,21570.0,19182.0,12219.0,66781.0,1057.0,9720.0,21681.0,63137.0,4615.0,8980.0,22386.0
0.656,46204.0,21634.0,19155.0,12246.0,66771.0,1067.0,9686.0,21715.0,63098.0,4654.0,8962.0,22404.0
0.655,46140.0,21698.0,19122.0,12279.0,66758.0,1080.0,9646.0,21755.0,63063.0,4689.0,8939.0,22427.0
0.654,46092.0,21746.0,19089.0,12312.0,66750.0,1088.0,9599.0,21802.0,63015.0,4737.0,8912.0,22454.0
0.653,46025.0,21813.0,19062.0,12339.0,66744.0,1094.0,9560.0,21841.0,62967.0,4785.0,8891.0,22475.0
0.652,45965.0,21873.0,19043.0,12358.0,66736.0,1102.0,9515.0,21886.0,62923.0,4829.0,8866.0,22500.0
0.651,45907.0,21931.0,19020.0,12381.0,66725.0,1113.0,9483.0,21918.0,62893.0,4859.0,8842.0,22524.0
0.65,45847.0,21991.0,18988.0,12413.0,66712.0,1126.0,9436.0,21965.0,62860.0,4892.0,8818.0,22548.0
0.649,45779.0,22059.0,18954.0,12447.0,66699.0,1139.0,9403.0,21998.0,62816.0,4936.0,8796.0,22570.0
0.648,45729.0,22109.0,18932.0,12469.0,66693.0,1145.0,9354.0,22047.0,62771.0,4981.0,8778.0,22588.0
0.647,45666.0,22172.0,18909.0,12492.0,66688.0,1150.0,9324.0,22077.0,62727.0,5025.0,8752.0,22614.0
0.646,45604.0,22234.0,18889.0,12512.0,66678.0,1160.0,9284.0,22117.0,62690.0,5062.0,8718.0,22648.0
0.645,45554.0,22284.0,18857.0,12544.0,66670.0,1168.0,9250.0,22151.0,62637.0,5115.0,8701.0,22665.0
0.644,45490.0,22348.0,18829.0,12572.0,66655.0,1183.0,9211.0,22190.0,62595.0,5157.0,8683.0,22683.0
0.643,45436.0,22402.0,18796.0,12605.0,66642.0,1196.0,9176.0,22225.0,62553.0,5199.0,8661.0,22705.0
0.642,45378.0,22460.0,18764.0,12637.0,66627.0,1211.0,9136.0,22265.0,62499.0,5253.0,8636.0,22730.0
0.641,45325.0,22513.0,18731.0,12670.0,66614.0,1224.0,9100.0,22301.0,62467.0,5285.0,8619.0,22747.0
0.64,45267.0,22571.0,18707.0,12694.0,66601.0,1237.0,9069.0,22332.0,62418.0,5334.0,8588.0,22778.0
0.639,45207.0,22631.0,18678.0,12723.0,66592.0,1246.0,9039.0,22362.0,62385.0,5367.0,8562.0,22804.0
0.638,45155.0,22683.0,18657.0,12744.0,66581.0,1257.0,9000.0,22401.0,62352.0,5400.0,8545.0,22821.0
0.637,45093.0,22745.0,18632.0,12769.0,66566.0,1272.0,8961.0,22440.0,62313.0,5439.0,8528.0,22838.0
0.636,45031.0,22807.0,18604.0,12797.0,66557.0,1281.0,8923.0,22478.0,62268.0,5484.0,8500.0,22866.0
0.635,44965.0,22873.0,18582.0,12819.0,66551.0,1287.0,8899.0,22502.0,62228.0,5524.0,8479.0,22887.0
0.634,44904.0,22934.0,18556.0,12845.0,66530.0,1308.0,8865.0,22536.0,62193.0,5559.0,8456.0,22910.0
0.633,44849.0,22989.0,18530.0,12871.0,66519.0,1319.0,8828.0,22573.0,62150.0,5602.0,8424.0,22942.0
0.632,44792.0,23046.0,18497.0,12904.0,66514.0,1324.0,8790.0,22611.0,62116.0,5636.0,8406.0,22960.0
0.631,44741.0,23097.0,18469.0,12932.0,66500.0,1338.0,8754.0,22647.0,62077.0,5675.0,8378.0,22988.0
0.63,44681.0,23157.0,18439.0,12962.0,66488.0,1350.0,8706.0,22695.0,62041.0,5711.0,8359.0,23007.0
0.629,44630.0,23208.0,18410.0,12991.0,66469.0,1369.0,8669.0,22732.0,61996.0,5756.0,8339.0,23027.0
0.628,44567.0,23271.0,18389.0,13012.0,66458.0,1380.0,8622.0,22779.0,61954.0,5798.0,8315.0,23051.0
0.627,44511.0,23327.0,18364.0,13037.0,66449.0,1389.0,8590.0,22811.0,61916.0,5836.0,8288.0,23078.0
0.626,44442.0,23396.0,18335.0,13066.0,66440.0,1398.0,8542.0,22859.0,61879.0,5873.0,8270.0,23096.0
0.625,44372.0,23466.0,18312.0,13089.0,66428.0,1410.0,8509.0,22892.0,61841.0,5911.0,8241.0,23125.0
0.624,44315.0,23523.0,18292.0,13109.0,66412.0,1426.0,8468.0,22933.0,61809.0,5943.0,8226.0,23140.0
0.623,44262.0,23576.0,18262.0,13139.0,66397.0,1441.0,8425.0,22976.0,61773.0,5979.0,8209.0,23157.0
0.622,44202.0,23636.0,18229.0,13172.0,66379.0,1459.0,8385.0,23016.0,61733.0,6019.0,8189.0,23177.0
0.621,44132.0,23706.0,18208.0,13193.0,66362.0,1476.0,8345.0,23056.0,61698.0,6054.0,8166.0,23200.0
0.62,44070.0,23768.0,18186.0,13215.0,66351.0,1487.0,8310.0,23091.0,61656.0,6096.0,8140.0,23226.0
0.619,44006.0,23832.0,18158.0,13243.0,66337.0,1501.0,8271.0,23130.0,61615.0,6137.0,8119.0,23247.0
0.618,43963.0,23875.0,18133.0,13268.0,66324.0,1514.0,8220.0,23181.0,61561.0,6191.0,8104.0,23262.0
0.617,43898.0,23940.0,18101.0,13300.0,66313.0,1525.0,8167.0,23234.0,61518.0,6234.0,8079.0,23287.0
0.616,43833.0,24005.0,18082.0,13319.0,66293.0,1545.0,8130.0,23271.0,61474.0,6278.0,8068.0,23298.0
0.615,43777.0,24061.0,18051.0,13350.0,66273.0,1565.0,8085.0,23316.0,61434.0,6318.0,8052.0,23314.0
0.614,43723.0,24115.0,18025.0,13376.0,66261.0,1577.0,8037.0,23364.0,61384.0,6368.0,8027.0,23339.0
0.613,43657.0,24181.0,18003.0,13398.0,66245.0,1593.0,7993.0,23408.0,61343.0,6409.0,8004.0,23362.0
0.612,43603.0,24235.0,17985.0,13416.0,66230.0,1608.0,7944.0,23457.0,61304.0,6448.0,7977.0,23389.0
0.611,43553.0,24285.0,17960.0,13441.0,66212.0,1626.0,7881.0,23520.0,61266.0,6486.0,7959.0,23407.0
0.61,43501.0,24337.0,17932.0,13469.0,66199.0,1639.0,7829.0,23572.0,61225.0,6527.0,7931.0,23435.0
0.609,43450.0,24388.0,17912.0,13489.0,66179.0,1659.0,7781.0,23620.0,61193.0,6559.0,7912.0,23454.0
0.608,43386.0,24452.0,17892.0,13509.0,66159.0,1679.0,7730.0,23671.0,61155.0,6597.0,7893.0,23473.0
0.607,43333.0,24505.0,17865.0,13536.0,66143.0,1695.0,7671.0,23730.0,61104.0,6648.0,7874.0,23492.0
0.606,43273.0,24565.0,17835.0,13566.0,66127.0,1711.0,7623.0,23778.0,61052.0,6700.0,7848.0,23518.0
0.605,43222.0,24616.0,17811.0,13590.0,66104.0,1734.0,7577.0,23824.0,61009.0,6743.0,7824.0,23542.0
0.604,43152.0,24686.0,17786.0,13615.0,66082.0,1756.0,7531.0,23870.0,60947.0,6805.0,7800.0,23566.0
0.603,43102.0,24736.0,17760.0,13641.0,66068.0,1770.0,7482.0,23919.0,60892.0,6860.0,7775.0,23591.0
0.602,43041.0,24797.0,17736.0,13665.0,66049.0,1789.0,7433.0,23968.0,60851.0,6901.0,7756.0,23610.0
0.601,42995.0,24843.0,17713.0,13688.0,66032.0,1806.0,7382.0,24019.0,60795.0,6957.0,7730.0,23636.0
0.6,42928.0,24910.0,17688.0,13713.0,66008.0,1830.0,7343.0,24058.0,60741.0,7011.0,7699.0,23667.0
0.599,42881.0,24957.0,17658.0,13743.0,65989.0,1849.0,7298.0,24103.0,60682.0,7070.0,7668.0,23698.0
0.598,42830.0,25008.0,17637.0,13764.0,65969.0,1869.0,7252.0,24149.0,60636.0,7116.0,7641.0,23725.0
0.597,42768.0,25070.0,17622.0,13779.0,65944.0,1894.0,7203.0,24198.0,60591.0,7161.0,7613.0,23753.0
0.596,42717.0,25121.0,17594.0,13807.0,65915.0,1923.0,7161.0,24240.0,60540.0,7212.0,7593.0,23773.0
0.595,42670.0,25168.0,17566.0,13835.0,65897.0,1941.0,7131.0,24270.0,60491.0,7261.0,7571.0,23795.0
0.594,42600.0,25238.0,17547.0,13854.0,65869.0,1969.0,7081.0,24320.0,60439.0,7313.0,7555.0,23811.0
0.593,42520.0,25318.0,17515.0,13886.0,65856.0,1982.0,7037.0,24364.0,60390.0,7362.0,7526.0,23840.0
0.592,42461.0,25377.0,17498.0,13903.0,65836.0,2002.0,6987.0,24414.0,60333.0,7419.0,7489.0,23877.0
0.591,42403.0,25435.0,17484.0,13917.0,65816.0,2022.0,6930.0,24471.0,60279.0,7473.0,7463.0,23903.0
0.59,42339.0,25499.0,17462.0,13939.0,65789.0,2049.0,6888.0,24513.0,60238.0,7514.0,7431.0,23935.0
0.589,42288.0,25550.0,17438.0,13963.0,65765.0,2073.0,6844.0,24557.0,60199.0,7553.0,7407.0,23959.0
0.588,42222.0,25616.0,17419.0,13982.0,65741.0,2097.0,6806.0,24595.0,60148.0,7604.0,7379.0,23987.0
0.587,42169.0,25669.0,17400.0,14001.0,65720.0,2118.0,6762.0,24639.0,60110.0,7642.0,7356.0,24010.0
0.586,42106.0,25732.0,17375.0,14026.0,65698.0,2140.0,6720.0,24681.0,60058.0,7694.0,7325.0,24041.0
0.585,42039.0,25799.0,17355.0,14046.0,65683.0,2155.0,6675.0,24726.0,60005.0,7747.0,7296.0,24070.0
0.584,41981.0,25857.0,17326.0,14075.0,65661.0,2177.0,6647.0,24754.0,59961.0,7791.0,7278.0,24088.0
0.583,41916.0,25922.0,17299.0,14102.0,65633.0,2205.0,6605.0,24796.0,59911.0,7841.0,7245.0,24121.0
0.582,41858.0,25980.0,17270.0,14131.0,65601.0,2237.0,6570.0,24831.0,59850.0,7902.0,7223.0,24143.0
0.581,41803.0,26035.0,17246.0,14155.0,65571.0,2267.0,6535.0,24866.0,59786.0,7966.0,7193.0,24173.0
0.58,41753.0,26085.0,17220.0,14181.0,65545.0,2293.0,6499.0,24902.0,59732.0,8020.0,7174.0,24192.0
0.579,41690.0,26148.0,17204.0,14197.0,65514.0,2324.0,6465.0,24936.0,59677.0,8075.0,7152.0,24214.0
0.578,41623.0,26215.0,17176.0,14225.0,65488.0,2350.0,6427.0,24974.0,59619.0,8133.0,7138.0,24228.0
0.577,41564.0,26274.0,17152.0,14249.0,65459.0,2379.0,6386.0,25015.0,59566.0,8186.0,7120.0,24246.0
0.576,41492.0,26346.0,17121.0,14280.0,65432.0,2406.0,6350.0,25051.0,59513.0,8239.0,7096.0,24270.0
0.575,41432.0,26406.0,17085.0,14316.0,65393.0,2445.0,6312.0,25089.0,59469.0,8283.0,7070.0,24296.0
0.574,41371.0,26467.0,17062.0,14339.0,65366.0,2472.0,6271.0,25130.0,59417.0,8335.0,7043.0,24323.0
0.573,41318.0,26520.0,17040.0,14361.0,65341.0,2497.0,6237.0,25164.0,59372.0,8380.0,7025.0,24341.0
0.572,41246.0,26592.0,17019.0,14382.0,65316.0,2522.0,6202.0,25199.0,59325.0,8427.0,6999.0,24367.0
0.571,41175.0,26663.0,16989.0,14412.0,65294.0,2544.0,6166.0,25235.0,59267.0,8485.0,6975.0,24391.0
0.57,41117.0,26721.0,16963.0,14438.0,65275.0,2563.0,6136.0,25265.0,59215.0,8537.0,6944.0,24422.0
0.569,41056.0,26782.0,16945.0,14456.0,65248.0,2590.0,6102.0,25299.0,59155.0,8597.0,6917.0,24449.0
0.568,40995.0,26843.0,16918.0,14483.0,65226.0,2612.0,6073.0,25328.0,59111.0,8641.0,6898.0,24468.0
0.567,40927.0,26911.0,16896.0,14505.0,65205.0,2633.0,6054.0,25347.0,59057.0,8695.0,6875.0,24491.0
0.566,40871.0,26967.0,16872.0,14529.0,65180.0,2658.0,6024.0,25377.0,59010.0,8742.0,6849.0,24517.0
0.565,40815.0,27023.0,16848.0,14553.0,65158.0,2680.0,5983.0,25418.0,58951.0,8801.0,6820.0,24546.0
0.564,40759.0,27079.0,16824.0,14577.0,65132.0,2706.0,5951.0,25450.0,58911.0,8841.0,6806.0,24560.0
0.563,40688.0,27150.0,16793.0,14608.0,65101.0,2737.0,5924.0,25477.0,58858.0,8894.0,6783.0,24583.0
0.562,40645.0,27193.0,16766.0,14635.0,65072.0,2766.0,5891.0,25510.0,58802.0,8950.0,6753.0,24613.0
0.561,40581.0,27257.0,16744.0,14657.0,65041.0,2797.0,5857.0,25544.0,58734.0,9018.0,6725.0,24641.0
0.56,40511.0,27327.0,16730.0,14671.0,65020.0,2818.0,5829.0,25572.0,58683.0,9069.0,6701.0,24665.0
0.559,40459.0,27379.0,16704.0,14697.0,64989.0,2849.0,5802.0,25599.0,58623.0,9129.0,6676.0,24690.0
0.558,40398.0,27440.0,16684.0,14717.0,64972.0,2866.0,5773.0,25628.0,58582.0,9170.0,6658.0,24708.0
0.557,40318.0,27520.0,16661.0,14740.0,64946.0,2892.0,5747.0,25654.0,58522.0,9230.0,6631.0,24735.0
0.556,40252.0,27586.0,16639.0,14762.0,64921.0,2917.0,5712.0,25689.0,58466.0,9286.0,6600.0,24766.0
0.555,40190.0,27648.0,16611.0,14790.0,64887.0,2951.0,5672.0,25729.0,58432.0,9320.0,6579.0,24787.0
0.554,40135.0,27703.0,16587.0,14814.0,64855.0,2983.0,5642.0,25759.0,58371.0,9381.0,6563.0,24803.0
0.553,40066.0,27772.0,16560.0,14841.0,64823.0,3015.0,5599.0,25802.0,58300.0,9452.0,6538.0,24828.0
0.552,39994.0,27844.0,16540.0,14861.0,64790.0,3048.0,5567.0,25834.0,58247.0,9505.0,6510.0,24856.0
0.551,39941.0,27897.0,16517.0,14884.0,64758.0,3080.0,5540.0,25861.0,58184.0,9568.0,6492.0,24874.0
0.55,39896.0,27942.0,16494.0,14907.0,64723.0,3115.0,5508.0,25893.0,58118.0,9634.0,6469.0,24897.0
0.549,39829.0,28009.0,16463.0,14938.0,64686.0,3152.0,5472.0,25929.0,58065.0,9687.0,6449.0,24917.0
0.548,39765.0,28073.0,16440.0,14961.0,64658.0,3180.0,5448.0,25953.0,58013.0,9739.0,6425.0,24941.0
0.547,39708.0,28130.0,16414.0,14987.0,64633.0,3205.0,5413.0,25988.0,57960.0,9792.0,6406.0,24960.0
0.546,39636.0,28202.0,16392.0,15009.0,64609.0,3229.0,5381.0,26020.0,57897.0,9855.0,6382.0,24984.0
0.545,39571.0,28267.0,16371.0,15030.0,64566.0,3272.0,5349.0,26052.0,57838.0,9914.0,6362.0,25004.0
0.544,39514.0,28324.0,16356.0,15045.0,64530.0,3308.0,5328.0,26073.0,57780.0,9972.0,6336.0,25030.0
0.543,39457.0,28381.0,16337.0,15064.0,64504.0,3334.0,5297.0,26104.0,57709.0,10043.0,6311.0,25055.0
0.542,39402.0,28436.0,16313.0,15088.0,64470.0,3368.0,5274.0,26127.0,57662.0,10090.0,6287.0,25079.0
0.541,39341.0,28497.0,16286.0,15115.0,64441.0,3397.0,5257.0,26144.0,57597.0,10155.0,6260.0,25106.0
0.54,39276.0,28562.0,16263.0,15138.0,64411.0,3427.0,5235.0,26166.0,57550.0,10202.0,6238.0,25128.0
0.539,39210.0,28628.0,16238.0,15163.0,64380.0,3458.0,5209.0,26192.0,57488.0,10264.0,6219.0,25147.0
0.538,39156.0,28682.0,16216.0,15185.0,64354.0,3484.0,5188.0,26213.0,57414.0,10338.0,6198.0,25168.0
0.537,39079.0,28759.0,16194.0,15207.0,64318.0,3520.0,5164.0,26237.0,57358.0,10394.0,6179.0,25187.0
0.536,39025.0,28813.0,16170.0,15231.0,64290.0,3548.0,5143.0,26258.0,57306.0,10446.0,6160.0,25206.0
0.535,38951.0,28887.0,16155.0,15246.0,64250.0,3588.0,5117.0,26284.0,57257.0,10495.0,6138.0,25228.0
0.534,38896.0,28942.0,16129.0,15272.0,64215.0,3623.0,5093.0,26308.0,57211.0,10541.0,6118.0,25248.0
0.533,38836.0,29002.0,16103.0,15298.0,64183.0,3655.0,5070.0,26331.0,57148.0,10604.0,6101.0,25265.0
0.532,38775.0,29063.0,16074.0,15327.0,64139.0,3699.0,5048.0,26353.0,57085.0,10667.0,6084.0,25282.0
0.531,38711.0,29127.0,16051.0,15350.0,64102.0,3736.0,5027.0,26374.0,57026.0,10726.0,6066.0,25300.0
0.53,38654.0,29184.0,16021.0,15380.0,64065.0,3773.0,5004.0,26397.0,56967.0,10785.0,6055.0,25311.0
0.529,38600.0,29238.0,15995.0,15406.0,64038.0,3800.0,4978.0,26423.0,56903.0,10849.0,6038.0,25328.0
0.528,38534.0,29304.0,15968.0,15433.0,64001.0,3837.0,4955.0,26446.0,56837.0,10915.0,6018.0,25348.0
0.527,38465.0,29373.0,15950.0,15451.0,63960.0,3878.0,4938.0,26463.0,56784.0,10968.0,5995.0,25371.0
0.526,38408.0,29430.0,15923.0,15478.0,63915.0,3923.0,4921.0,26480.0,56743.0,11009.0,5977.0,25389.0
0.525,38357.0,29481.0,15896.0,15505.0,63885.0,3953.0,4899.0,26502.0,56675.0,11077.0,5959.0,25407.0
0.524,38291.0,29547.0,15875.0,15526.0,63855.0,3983.0,4874.0,26527.0,56611.0,11141.0,5938.0,25428.0
0.523,38228.0,29610.0,15841.0,15560.0,63824.0,4014.0,4860.0,26541.0,56538.0,11214.0,5910.0,25456.0
0.522,38154.0,29684.0,15819.0,15582.0,63795.0,4043.0,4837.0,26564.0,56483.0,11269.0,5889.0,25477.0
0.521,38088.0,29750.0,15796.0,15605.0,63759.0,4079.0,4811.0,26590.0,56424.0,11328.0,5866.0,25500.0
0.52,38026.0,29812.0,15777.0,15624.0,63717.0,4121.0,4793.0,26608.0,56352.0,11400.0,5852.0,25514.0
0.519,37957.0,29881.0,15756.0,15645.0,63677.0,4161.0,4770.0,26631.0,56288.0,11464.0,5827.0,25539.0
0.518,37895.0,29943.0,15734.0,15667.0,63647.0,4191.0,4750.0,26651.0,56218.0,11534.0,5807.0,25559.0
0.517,37829.0,30009.0,15705.0,15696.0,63597.0,4241.0,4730.0,26671.0,56164.0,11588.0,5789.0,25577.0
0.516,37765.0,30073.0,15680.0,15721.0,63561.0,4277.0,4709.0,26692.0,56116.0,11636.0,5770.0,25596.0
0.515,37704.0,30134.0,15657.0,15744.0,63519.0,4319.0,4683.0,26718.0,56061.0,11691.0,5752.0,25614.0
0.514,37646.0,30192.0,15635.0,15766.0,63477.0,4361.0,4659.0,26742.0,55997.0,11755.0,5727.0,25639.0
0.513,37579.0,30259.0,15612.0,15789.0,63436.0,4402.0,4641.0,26760.0,55933.0,11819.0,5710.0,25656.0
0.512,37517.0,30321.0,15593.0,15808.0,63398.0,4440.0,4618.0,26783.0,55867.0,11885.0,5693.0,25673.0
0.511,37439.0,30399.0,15568.0,15833.0,63355.0,4483.0,4597.0,26804.0,55811.0,11941.0,5676.0,25690.0
0.51,37363.0,30475.0,15543.0,15858.0,63309.0,4529.0,4569.0,26832.0,55757.0,11995.0,5655.0,25711.0
0.509,37304.0,30534.0,15516.0,15885.0,63263.0,4575.0,4545.0,26856.0,55685.0,12067.0,5635.0,25731.0
0.508,37241.0,30597.0,15496.0,15905.0,63218.0,4620.0,4528.0,26873.0,55618.0,12134.0,5625.0,25741.0
0.507,37186.0,30652.0,15471.0,15930.0,63175.0,4663.0,4510.0,26891.0,55563.0,12189.0,5604.0,25762.0
0.506,37116.0,30722.0,15443.0,15958.0,63122.0,4716.0,4492.0,26909.0,55494.0,12258.0,5584.0,25782.0
0.505,37059.0,30779.0,15426.0,15975.0,63083.0,4755.0,4472.0,26929.0,55428.0,12324.0,5561.0,25805.0
0.504,37003.0,30835.0,15404.0,15997.0,63033.0,4805.0,4450.0,26951.0,55351.0,12401.0,5542.0,25824.0
0.503,36937.0,30901.0,15373.0,16028.0,62983.0,4855.0,4431.0,26970.0,55277.0,12475.0,5528.0,25838.0
0.502,36877.0,30961.0,15349.0,16052.0,62938.0,4900.0,4413.0,26988.0,55203.0,12549.0,5517.0,25849.0
0.501,36799.0,31039.0,15323.0,16078.0,62890.0,4948.0,4393.0,27008.0,55131.0,12621.0,5493.0,25873.0
0.5,36740.0,31098.0,15299.0,16102.0,62842.0,4996.0,4367.0,27034.0,55073.0,12679.0,5474.0,25892.0
0.499,36676.0,31162.0,15268.0,16133.0,62796.0,5042.0,4351.0,27050.0,55016.0,12736.0,5454.0,25912.0
0.498,36611.0,31227.0,15249.0,16152.0,62758.0,5080.0,4333.0,27068.0,54938.0,12814.0,5434.0,25932.0
0.497,36532.0,31306.0,15225.0,16176.0,62708.0,5130.0,4304.0,27097.0,54875.0,12877.0,5421.0,25945.0
0.496,36465.0,31373.0,15205.0,16196.0,62666.0,5172.0,4285.0,27116.0,54825.0,12927.0,5396.0,25970.0
0.495,36391.0,31447.0,15177.0,16224.0,62626.0,5212.0,4267.0,27134.0,54760.0,12992.0,5382.0,25984.0
0.494,36316.0,31522.0,15154.0,16247.0,62571.0,5267.0,4249.0,27152.0,54695.0,13057.0,5360.0,26006.0
0.493,36248.0,31590.0,15130.0,16271.0,62519.0,5319.0,4222.0,27179.0,54627.0,13125.0,5332.0,26034.0
0.492,36190.0,31648.0,15112.0,16289.0,62469.0,5369.0,4208.0,27193.0,54570.0,13182.0,5313.0,26053.0
0.491,36132.0,31706.0,15087.0,16314.0,62416.0,5422.0,4188.0,27213.0,54506.0,13246.0,5296.0,26070.0
0.49,36060.0,31778.0,15070.0,16331.0,62357.0,5481.0,4168.0,27233.0,54445.0,13307.0,5275.0,26091.0
0.489,35996.0,31842.0,15046.0,16355.0,62308.0,5530.0,4144.0,27257.0,54368.0,13384.0,5262.0,26104.0
0.488,35927.0,31911.0,15018.0,16383.0,62257.0,5581.0,4129.0,27272.0,54302.0,13450.0,5250.0,26116.0
0.487,35860.0,31978.0,14995.0,16406.0,62217.0,5621.0,4112.0,27289.0,54238.0,13514.0,5238.0,26128.0
0.486,35800.0,32038.0,14971.0,16430.0,62164.0,5674.0,4097.0,27304.0,54166.0,13586.0,5219.0,26147.0
0.485,35733.0,32105.0,14950.0,16451.0,62116.0,5722.0,4077.0,27324.0,54095.0,13657.0,5205.0,26161.0
0.484,35666.0,32172.0,14930.0,16471.0,62060.0,5778.0,4057.0,27344.0,54018.0,13734.0,5191.0,26175.0
0.483,35598.0,32240.0,14900.0,16501.0,62014.0,5824.0,4043.0,27358.0,53945.0,13807.0,5172.0,26194.0
0.482,35538.0,32300.0,14880.0,16521.0,61966.0,5872.0,4020.0,27381.0,53887.0,13865.0,5148.0,26218.0
0.481,35478.0,32360.0,14853.0,16548.0,61911.0,5927.0,4000.0,27401.0,53811.0,13941.0,5136.0,26230.0
0.48,35405.0,32433.0,14834.0,16567.0,61849.0,5989.0,3978.0,27423.0,53743.0,14009.0,5114.0,26252.0
0.479,35318.0,32520.0,14803.0,16598.0,61786.0,6052.0,3949.0,27452.0,53660.0,14092.0,5091.0,26275.0
0.478,35251.0,32587.0,14781.0,16620.0,61721.0,6117.0,3932.0,27469.0,53588.0,14164.0,5071.0,26295.0
0.477,35176.0,32662.0,14755.0,16646.0,61666.0,6172.0,3909.0,27492.0,53509.0,14243.0,5061.0,26305.0
0.476,35104.0,32734.0,14730.0,16671.0,61605.0,6233.0,3891.0,27510.0,53448.0,14304.0,5048.0,26318.0
0.475,35037.0,32801.0,14708.0,16693.0,61546.0,6292.0,3874.0,27527.0,53388.0,14364.0,5026.0,26340.0
0.474,34964.0,32874.0,14677.0,16724.0,61478.0,6360.0,3846.0,27555.0,53326.0,14426.0,5011.0,26355.0
0.473,34885.0,32953.0,14646.0,16755.0,61426.0,6412.0,3825.0,27576.0,53266.0,14486.0,4998.0,26368.0
0.472,34824.0,33014.0,14619.0,16782.0,61373.0,6465.0,3805.0,27596.0,53174.0,14578.0,4976.0,26390.0
0.471,34759.0,33079.0,14602.0,16799.0,61315.0,6523.0,3786.0,27615.0,53111.0,14641.0,4958.0,26408.0
0.47,34690.0,33148.0,14580.0,16821.0,61249.0,6589.0,3770.0,27631.0,53044.0,14708.0,4932.0,26434.0
0.469,34623.0,33215.0,14551.0,16850.0,61179.0,6659.0,3747.0,27654.0,52967.0,14785.0,4914.0,26452.0
0.468,34558.0,33280.0,14537.0,16864.0,61123.0,6715.0,3731.0,27670.0,52891.0,14861.0,4900.0,26466.0
0.467,34504.0,33334.0,14518.0,16883.0,61052.0,6786.0,3711.0,27690.0,52819.0,14933.0,4877.0,26489.0
0.466,34450.0,33388.0,14501.0,16900.0,60990.0,6848.0,3690.0,27711.0,52750.0,15002.0,4861.0,26505.0
0.465,34388.0,33450.0,14480.0,16921.0,60916.0,6922.0,3675.0,27726.0,52682.0,15070.0,4844.0,26522.0
0.464,34315.0,33523.0,14454.0,16947.0,60849.0,6989.0,3654.0,27747.0,52599.0,15153.0,4830.0,26536.0
0.463,34248.0,33590.0,14428.0,16973.0,60783.0,7055.0,3631.0,27770.0,52526.0,15226.0,4809.0,26557.0
0.462,34151.0,33687.0,14405.0,16996.0,60707.0,7131.0,3606.0,27795.0,52461.0,15291.0,4798.0,26568.0
0.461,34076.0,33762.0,14388.0,17013.0,60633.0,7205.0,3584.0,27817.0,52394.0,15358.0,4783.0,26583.0
0.46,34005.0,33833.0,14365.0,17036.0,60566.0,7272.0,3565.0,27836.0,52328.0,15424.0,4763.0,26603.0
0.459,33929.0,33909.0,14343.0,17058.0,60495.0,7343.0,3537.0,27864.0,52259.0,15493.0,4748.0,26618.0
0.458,33865.0,33973.0,14319.0,17082.0,60408.0,7430.0,3520.0,27881.0,52189.0,15563.0,4730.0,26636.0
0.457,33795.0,34043.0,14288.0,17113.0,60325.0,7513.0,3498.0,27903.0,52121.0,15631.0,4717.0,26649.0
0.456,33728.0,34110.0,14268.0,17133.0,60242.0,7596.0,3479.0,27922.0,52071.0,15681.0,4704.0,26662.0
0.455,33662.0,34176.0,14244.0,17157.0,60152.0,7686.0,3466.0,27935.0,52010.0,15742.0,4684.0,26682.0
0.454,33583.0,34255.0,14220.0,17181.0,60071.0,7767.0,3442.0,27959.0,51948.0,15804.0,4671.0,26695.0
0.453,33532.0,34306.0,14190.0,17211.0,59987.0,7851.0,3414.0,27987.0,51892.0,15860.0,4654.0,26712.0
0.452,33462.0,34376.0,14163.0,17238.0,59898.0,7940.0,3395.0,28006.0,51817.0,15935.0,4641.0,26725.0
0.451,33378.0,34460.0,14136.0,17265.0,59816.0,8022.0,3372.0,28029.0,51734.0,16018.0,4620.0,26746.0
0.45,33306.0,34532.0,14110.0,17291.0,59721.0,8117.0,3347.0,28054.0,51661.0,16091.0,4604.0,26762.0
0.449,33259.0,34579.0,14089.0,17312.0,59652.0,8186.0,3330.0,28071.0,51599.0,16153.0,4585.0,26781.0
0.448,33190.0,34648.0,14067.0,17334.0,59574.0,8264.0,3311.0,28090.0,51541.0,16211.0,4565.0,26801.0
0.447,33133.0,34705.0,14046.0,17355.0,59488.0,8350.0,3287.0,28114.0,51466.0,16286.0,4557.0,26809.0
0.446,33062.0,34776.0,14029.0,17372.0,59401.0,8437.0,3269.0,28132.0,51395.0,16357.0,4540.0,26826.0
0.445,33006.0,34832.0,14011.0,17390.0,59314.0,8524.0,3246.0,28155.0,51313.0,16439.0,4520.0,26846.0
0.444,32939.0,34899.0,13985.0,17416.0,59219.0,8619.0,3229.0,28172.0,51218.0,16534.0,4505.0,26861.0
0.443,32869.0,34969.0,13967.0,17434.0,59139.0,8699.0,3207.0,28194.0,51145.0,16607.0,4491.0,26875.0
0.442,32802.0,35036.0,13938.0,17463.0,59038.0,8800.0,3186.0,28215.0,51063.0,16689.0,4481.0,26885.0
0.441,32723.0,35115.0,13914.0,17487.0,58940.0,8898.0,3163.0,28238.0,50988.0,16764.0,4467.0,26899.0
0.44,32655.0,35183.0,13885.0,17516.0,58835.0,9003.0,3140.0,28261.0,50916.0,16836.0,4452.0,26914.0
0.439,32568.0,35270.0,13866.0,17535.0,58723.0,9115.0,3123.0,28278.0,50845.0,16907.0,4439.0,26927.0
0.438,32497.0,35341.0,13833.0,17568.0,58623.0,9215.0,3110.0,28291.0,50768.0,16984.0,4426.0,26940.0
0.437,32439.0,35399.0,13806.0,17595.0,58517.0,9321.0,3087.0,28314.0,50683.0,17069.0,4413.0,26953.0
0.436,32361.0,35477.0,13782.0,17619.0,58418.0,9420.0,3066.0,28335.0,50595.0,17157.0,4392.0,26974.0
0.435,32295.0,35543.0,13751.0,17650.0,58325.0,9513.0,3052.0,28349.0,50529.0,17223.0,4377.0,26989.0
0.434,32220.0,35618.0,13729.0,17672.0,58218.0,9620.0,3037.0,28364.0,50462.0,17290.0,4361.0,27005.0
0.433,32161.0,35677.0,13697.0,17704.0,58114.0,9724.0,3015.0,28386.0,50400.0,17352.0,4344.0,27022.0
0.432,32094.0,35744.0,13668.0,17733.0,58014.0,9824.0,3000.0,28401.0,50333.0,17419.0,4326.0,27040.0
0.431,32018.0,35820.0,13646.0,17755.0,57897.0,9941.0,2984.0,28417.0,50249.0,17503.0,4317.0,27049.0
0.43,31954.0,35884.0,13628.0,17773.0,57782.0,10056.0,2969.0,28432.0,50164.0,17588.0,4304.0,27062.0
0.429,31876.0,35962.0,13613.0,17788.0,57669.0,10169.0,2947.0,28454.0,50086.0,17666.0,4282.0,27084.0
0.428,31804.0,36034.0,13589.0,17812.0,57547.0,10291.0,2921.0,28480.0,50002.0,17750.0,4256.0,27110.0
0.427,31730.0,36108.0,13562.0,17839.0,57441.0,10397.0,2897.0,28504.0,49930.0,17822.0,4245.0,27121.0
0.426,31653.0,36185.0,13534.0,17867.0,57334.0,10504.0,2870.0,28531.0,49846.0,17906.0,4229.0,27137.0
0.425,31573.0,36265.0,13507.0,17894.0,57229.0,10609.0,2847.0,28554.0,49763.0,17989.0,4210.0,27156.0
0.424,31511.0,36327.0,13481.0,17920.0,57100.0,10738.0,2832.0,28569.0,49700.0,18052.0,4192.0,27174.0
0.423,31446.0,36392.0,13461.0,17940.0,56983.0,10855.0,2814.0,28587.0,49622.0,18130.0,4177.0,27189.0
0.422,31369.0,36469.0,13433.0,17968.0,56872.0,10966.0,2791.0,28610.0,49550.0,18202.0,4167.0,27199.0
0.421,31302.0,36536.0,13407.0,17994.0,56755.0,11083.0,2774.0,28627.0,49476.0,18276.0,4155.0,27211.0
0.42,31237.0,36601.0,13381.0,18020.0,56647.0,11191.0,2746.0,28655.0,49388.0,18364.0,4133.0,27233.0
0.419,31163.0,36675.0,13352.0,18049.0,56522.0,11316.0,2721.0,28680.0,49310.0,18442.0,4117.0,27249.0
0.418,31095.0,36743.0,13328.0,18073.0,56392.0,11446.0,2706.0,28695.0,49226.0,18526.0,4095.0,27271.0
0.417,31038.0,36800.0,13305.0,18096.0,56279.0,11559.0,2684.0,28717.0,49143.0,18609.0,4080.0,27286.0
0.416,30954.0,36884.0,13261.0,18140.0,56151.0,11687.0,2666.0,28735.0,49053.0,18699.0,4064.0,27302.0
0.415,30875.0,36963.0,13234.0,18167.0,56016.0,11822.0,2645.0,28756.0,48970.0,18782.0,4048.0,27318.0
0.414,30809.0,37029.0,13206.0,18195.0,55893.0,11945.0,2634.0,28767.0,48893.0,18859.0,4039.0,27327.0
0.413,30737.0,37101.0,13183.0,18218.0,55757.0,12081.0,2614.0,28787.0,48819.0,18933.0,4020.0,27346.0
0.412,30657.0,37181.0,13159.0,18242.0,55602.0,12236.0,2594.0,28807.0,48745.0,19007.0,4010.0,27356.0
0.411,30580.0,37258.0,13125.0,18276.0,55451.0,12387.0,2571.0,28830.0,48663.0,19089.0,3998.0,27368.0
0.41,30492.0,37346.0,13102.0,18299.0,55294.0,12544.0,2551.0,28850.0,48566.0,19186.0,3981.0,27385.0
0.409,30426.0,37412.0,13078.0,18323.0,55164.0,12674.0,2521.0,28880.0,48486.0,19266.0,3968.0,27398.0
0.408,30347.0,37491.0,13056.0,18345.0,55021.0,12817.0,2504.0,28897.0,48408.0,19344.0,3951.0,27415.0
0.407,30281.0,37557.0,13027.0,18374.0,54886.0,12952.0,2486.0,28915.0,48348.0,19404.0,3934.0,27432.0
0.406,30212.0,37626.0,13003.0,18398.0,54738.0,13100.0,2471.0,28930.0,48271.0,19481.0,3917.0,27449.0
0.405,30120.0,37718.0,12967.0,18434.0,54603.0,13235.0,2456.0,28945.0,48187.0,19565.0,3903.0,27463.0
0.404,30070.0,37768.0,12940.0,18461.0,54464.0,13374.0,2441.0,28960.0,48102.0,19650.0,3876.0,27490.0
0.403,29993.0,37845.0,12910.0,18491.0,54301.0,13537.0,2425.0,28976.0,48004.0,19748.0,3862.0,27504.0
0.402,29928.0,37910.0,12883.0,18518.0,54159.0,13679.0,2410.0,28991.0,47905.0,19847.0,3850.0,27516.0
0.401,29867.0,37971.0,12855.0,18546.0,53994.0,13844.0,2389.0,29012.0,47827.0,19925.0,3836.0,27530.0
0.4,29780.0,38058.0,12834.0,18567.0,53832.0,14006.0,2371.0,29030.0,47747.0,20005.0,3823.0,27543.0
0.399,29703.0,38135.0,12803.0,18598.0,53675.0,14163.0,2349.0,29052.0,47674.0,20078.0,3808.0,27558.0
0.398,29638.0,38200.0,12783.0,18618.0,53512.0,14326.0,2326.0,29075.0,47598.0,20154.0,3794.0,27572.0
0.397,29563.0,38275.0,12758.0,18643.0,53358.0,14480.0,2306.0,29095.0,47509.0,20243.0,3781.0,27585.0
0.396,29485.0,38353.0,12721.0,18680.0,53198.0,14640.0,2285.0,29116.0,47438.0,20314.0,3765.0,27601.0
0.395,29409.0,38429.0,12693.0,18708.0,53048.0,14790.0,2262.0,29139.0,47346.0,20406.0,3755.0,27611.0
0.394,29339.0,38499.0,12663.0,18738.0,52897.0,14941.0,2248.0,29153.0,47277.0,20475.0,3743.0,27623.0
0.393,29274.0,38564.0,12634.0,18767.0,52736.0,15102.0,2235.0,29166.0,47184.0,20568.0,3728.0,27638.0
0.392,29199.0,38639.0,12614.0,18787.0,52560.0,15278.0,2218.0,29183.0,47101.0,20651.0,3713.0,27653.0
0.391,29125.0,38713.0,12589.0,18812.0,52392.0,15446.0,2199.0,29202.0,47014.0,20738.0,3700.0,27666.0
0.39,29056.0,38782.0,12571.0,18830.0,52208.0,15630.0,2181.0,29220.0,46937.0,20815.0,3685.0,27681.0
0.389,29002.0,38836.0,12546.0,18855.0,52016.0,15822.0,2160.0,29241.0,46852.0,20900.0,3670.0,27696.0
0.388,28946.0,38892.0,12516.0,18885.0,51819.0,16019.0,2148.0,29253.0,46767.0,20985.0,3657.0,27709.0
0.387,28879.0,38959.0,12485.0,18916.0,51633.0,16205.0,2128.0,29273.0,46676.0,21076.0,3635.0,27731.0
0.386,28793.0,39045.0,12457.0,18944.0,51467.0,16371.0,2105.0,29296.0,46597.0,21155.0,3622.0,27744.0
0.385,28716.0,39122.0,12438.0,18963.0,51285.0,16553.0,2084.0,29317.0,46537.0,21215.0,3603.0,27763.0
0.384,28639.0,39199.0,12416.0,18985.0,51093.0,16745.0,2065.0,29336.0,46466.0,21286.0,3588.0,27778.0
0.383,28567.0,39271.0,12392.0,19009.0,50903.0,16935.0,2050.0,29351.0,46370.0,21382.0,3577.0,27789.0
0.382,28492.0,39346.0,12375.0,19026.0,50733.0,17105.0,2031.0,29370.0,46284.0,21468.0,3566.0,27800.0
0.381,28416.0,39422.0,12350.0,19051.0,50525.0,17313.0,2004.0,29397.0,46205.0,21547.0,3543.0,27823.0
0.38,28332.0,39506.0,12326.0,19075.0,50314.0,17524.0,1986.0,29415.0,46107.0,21645.0,3529.0,27837.0
0.379,28266.0,39572.0,12304.0,19097.0,50116.0,17722.0,1966.0,29435.0,46015.0,21737.0,3510.0,27856.0
0.378,28206.0,39632.0,12276.0,19125.0,49914.0,17924.0,1950.0,29451.0,45917.0,21835.0,3498.0,27868.0
0.377,28147.0,39691.0,12253.0,19148.0,49722.0,18116.0,1929.0,29472.0,45827.0,21925.0,3482.0,27884.0
0.376,28085.0,39753.0,12231.0,19170.0,49526.0,18312.0,1912.0,29489.0,45754.0,21998.0,3471.0,27895.0
0.375,27996.0,39842.0,12201.0,19200.0,49328.0,18510.0,1897.0,29504.0,45673.0,22079.0,3460.0,27906.0
0.374,27936.0,39902.0,12175.0,19226.0,49118.0,18720.0,1874.0,29527.0,45567.0,22185.0,3449.0,27917.0
0.373,27856.0,39982.0,12153.0,19248.0,48923.0,18915.0,1857.0,29544.0,45485.0,22267.0,3433.0,27933.0
0.372,27791.0,40047.0,12121.0,19280.0,48750.0,19088.0,1845.0,29556.0,45385.0,22367.0,3420.0,27946.0
0.371,27728.0,40110.0,12106.0,19295.0,48514.0,19324.0,1821.0,29580.0,45297.0,22455.0,3409.0,27957.0
0.37,27665.0,40173.0,12090.0,19311.0,48288.0,19550.0,1805.0,29596.0,45200.0,22552.0,3399.0,27967.0
0.369,27593.0,40245.0,12068.0,19333.0,48098.0,19740.0,1784.0,29617.0,45107.0,22645.0,3379.0,27987.0
0.368,27502.0,40336.0,12044.0,19357.0,47900.0,19938.0,1766.0,29635.0,45024.0,22728.0,3369.0,27997.0
0.367,27437.0,40401.0,12023.0,19378.0,47693.0,20145.0,1742.0,29659.0,44935.0,22817.0,3355.0,28011.0
0.366,27358.0,40480.0,12003.0,19398.0,47486.0,20352.0,1729.0,29672.0,44851.0,22901.0,3348.0,28018.0
0.365,27270.0,40568.0,11971.0,19430.0,47285.0,20553.0,1710.0,29691.0,44752.0,23000.0,3337.0,28029.0
0.364,27194.0,40644.0,11953.0,19448.0,47052.0,20786.0,1696.0,29705.0,44662.0,23090.0,3326.0,28040.0
0.363,27116.0,40722.0,11923.0,19478.0,46835.0,21003.0,1674.0,29727.0,44589.0,23163.0,3312.0,28054.0
0.362,27045.0,40793.0,11901.0,19500.0,46593.0,21245.0,1656.0,29745.0,44515.0,23237.0,3301.0,28065.0
0.361,26968.0,40870.0,11868.0,19533.0,46374.0,21464.0,1637.0,29764.0,44435.0,23317.0,3291.0,28075.0
0.36,26898.0,40940.0,11843.0,19558.0,46161.0,21677.0,1619.0,29782.0,44339.0,23413.0,3274.0,28092.0
0.359,26829.0,41009.0,11808.0,19593.0,45946.0,21892.0,1588.0,29813.0,44246.0,23506.0,3261.0,28105.0
0.358,26757.0,41081.0,11778.0,19623.0,45731.0,22107.0,1567.0,29834.0,44154.0,23598.0,3249.0,28117.0
0.357,26671.0,41167.0,11758.0,19643.0,45513.0,22325.0,1556.0,29845.0,44060.0,23692.0,3238.0,28128.0
0.356,26597.0,41241.0,11734.0,19667.0,45310.0,22528.0,1544.0,29857.0,43980.0,23772.0,3224.0,28142.0
0.355,26531.0,41307.0,11708.0,19693.0,45082.0,22756.0,1525.0,29876.0,43898.0,23854.0,3217.0,28149.0
0.354,26466.0,41372.0,11682.0,19719.0,44855.0,22983.0,1504.0,29897.0,43821.0,23931.0,3205.0,28161.0
0.353,26394.0,41444.0,11664.0,19737.0,44627.0,23211.0,1491.0,29910.0,43725.0,24027.0,3194.0,28172.0
0.352,26315.0,41523.0,11644.0,19757.0,44381.0,23457.0,1479.0,29922.0,43649.0,24103.0,3181.0,28185.0
0.351,26250.0,41588.0,11618.0,19783.0,44167.0,23671.0,1466.0,29935.0,43566.0,24186.0,3168.0,28198.0
0.35,26187.0,41651.0,11590.0,19811.0,43949.0,23889.0,1442.0,29959.0,43475.0,24277.0,3155.0,28211.0
0.349,26118.0,41720.0,11568.0,19833.0,43720.0,24118.0,1424.0,29977.0,43388.0,24364.0,3147.0,28219.0
0.348,26049.0,41789.0,11540.0,19861.0,43468.0,24370.0,1400.0,30001.0,43309.0,24443.0,3138.0,28228.0
0.347,25980.0,41858.0,11512.0,19889.0,43233.0,24605.0,1388.0,30013.0,43218.0,24534.0,3124.0,28242.0
0.346,25895.0,41943.0,11488.0,19913.0,43026.0,24812.0,1368.0,30033.0,43124.0,24628.0,3113.0,28253.0
0.345,25820.0,42018.0,11459.0,19942.0,42788.0,25050.0,1346.0,30055.0,43057.0,24695.0,3106.0,28260.0
0.344,25754.0,42084.0,11431.0,19970.0,42520.0,25318.0,1334.0,30067.0,42979.0,24773.0,3093.0,28273.0
0.343,25685.0,42153.0,11398.0,20003.0,42294.0,25544.0,1325.0,30076.0,42903.0,24849.0,3079.0,28287.0
0.342,25624.0,42214.0,11376.0,20025.0,42083.0,25755.0,1307.0,30094.0,42813.0,24939.0,3062.0,28304.0
0.341,25534.0,42304.0,11364.0,20037.0,41827.0,26011.0,1288.0,30113.0,42746.0,25006.0,3055.0,28311.0
0.34,25453.0,42385.0,11335.0,20066.0,41609.0,26229.0,1267.0,30134.0,42668.0,25084.0,3045.0,28321.0
0.339,25357.0,42481.0,11312.0,20089.0,41361.0,26477.0,1249.0,30152.0,42574.0,25178.0,3032.0,28334.0
0.338,25284.0,42554.0,11285.0,20116.0,41142.0,26696.0,1239.0,30162.0,42494.0,25258.0,3019.0,28347.0
0.337,25221.0,42617.0,11257.0,20144.0,40908.0,26930.0,1219.0,30182.0,42400.0,25352.0,3006.0,28360.0
0.336,25137.0,42701.0,11237.0,20164.0,40690.0,27148.0,1206.0,30195.0,42317.0,25435.0,2995.0,28371.0
0.335,25047.0,42791.0,11221.0,20180.0,40457.0,27381.0,1190.0,30211.0,42222.0,25530.0,2983.0,28383.0
0.334,24967.0,42871.0,11198.0,20203.0,40211.0,27627.0,1175.0,30226.0,42147.0,25605.0,2968.0,28398.0
0.333,24879.0,42959.0,11175.0,20226.0,39970.0,27868.0,1158.0,30243.0,42074.0,25678.0,2954.0,28412.0
0.332,24794.0,43044.0,11151.0,20250.0,39732.0,28106.0,1144.0,30257.0,41993.0,25759.0,2939.0,28427.0
0.331,24727.0,43111.0,11117.0,20284.0,39493.0,28345.0,1124.0,30277.0,41899.0,25853.0,2923.0,28443.0
0.33,24660.0,43178.0,11081.0,20320.0,39256.0,28582.0,1109.0,30292.0,41805.0,25947.0,2908.0,28458.0
0.329,24595.0,43243.0,11051.0,20350.0,39014.0,28824.0,1099.0,30302.0,41703.0,26049.0,2898.0,28468.0
0.328,24504.0,43334.0,11018.0,20383.0,38789.0,29049.0,1088.0,30313.0,41608.0,26144.0,2881.0,28485.0
0.327,24423.0,43415.0,10988.0,20413.0,38531.0,29307.0,1067.0,30334.0,41516.0,26236.0,2870.0,28496.0
0.326,24354.0,43484.0,10959.0,20442.0,38281.0,29557.0,1054.0,30347.0,41426.0,26326.0,2862.0,28504.0
0.325,24286.0,43552.0,10942.0,20459.0,38059.0,29779.0,1039.0,30362.0,41330.0,26422.0,2852.0,28514.0
0.324,24202.0,43636.0,10905.0,20496.0,37825.0,30013.0,1024.0,30377.0,41249.0,26503.0,2841.0,28525.0
0.323,24115.0,43723.0,10887.0,20514.0,37590.0,30248.0,1019.0,30382.0,41153.0,26599.0,2831.0,28535.0
0.322,24029.0,43809.0,10854.0,20547.0,37319.0,30519.0,1004.0,30397.0,41043.0,26709.0,2823.0,28543.0
0.321,23924.0,43914.0,10819.0,20582.0,37072.0,30766.0,985.0,30416.0,40951.0,26801.0,2809.0,28557.0
0.32,23844.0,43994.0,10796.0,20605.0,36839.0,30999.0,973.0,30428.0,40858.0,26894.0,2796.0,28570.0
0.319,23753.0,44085.0,10769.0,20632.0,36601.0,31237.0,957.0,30444.0,40769.0,26983.0,2784.0,28582.0
0.318,23679.0,44159.0,10747.0,20654.0,36346.0,31492.0,937.0,30464.0,40677.0,27075.0,2771.0,28595.0
0.317,23606.0,44232.0,10717.0,20684.0,36097.0,31741.0,922.0,30479.0,40572.0,27180.0,2764.0,28602.0
0.316,23523.0,44315.0,10689.0,20712.0,35860.0,31978.0,909.0,30492.0,40480.0,27272.0,2758.0,28608.0
0.315,23468.0,44370.0,10659.0,20742.0,35608.0,32230.0,893.0,30508.0,40376.0,27376.0,2744.0,28622.0
0.314,23385.0,44453.0,10622.0,20779.0,35368.0,32470.0,881.0,30520.0,40259.0,27493.0,2736.0,28630.0
0.313,23311.0,44527.0,10597.0,20804.0,35109.0,32729.0,863.0,30538.0,40157.0,27595.0,2726.0,28640.0
0.312,23225.0,44613.0,10577.0,20824.0,34864.0,32974.0,849.0,30552.0,40065.0,27687.0,2710.0,28656.0
0.311,23146.0,44692.0,10549.0,20852.0,34610.0,33228.0,834.0,30567.0,39966.0,27786.0,2699.0,28667.0
0.31,23073.0,44765.0,10519.0,20882.0,34380.0,33458.0,824.0,30577.0,39882.0,27870.0,2684.0,28682.0
0.309,22991.0,44847.0,10494.0,20907.0,34134.0,33704.0,813.0,30588.0,39780.0,27972.0,2676.0,28690.0
0.308,22906.0,44932.0,10470.0,20931.0,33893.0,33945.0,793.0,30608.0,39667.0,28085.0,2667.0,28699.0
0.307,22838.0,45000.0,10442.0,20959.0,33637.0,34201.0,774.0,30627.0,39557.0,28195.0,2652.0,28714.0
0.306,22759.0,45079.0,10415.0,20986.0,33395.0,34443.0,763.0,30638.0,39447.0,28305.0,2638.0,28728.0
0.305,22674.0,45164.0,10378.0,21023.0,33187.0,34651.0,755.0,30646.0,39346.0,28406.0,2627.0,28739.0
0.304,22611.0,45227.0,10356.0,21045.0,32948.0,34890.0,742.0,30659.0,39247.0,28505.0,2612.0,28754.0
0.303,22538.0,45300.0,10328.0,21073.0,32696.0,35142.0,737.0,30664.0,39133.0,28619.0,2604.0,28762.0
0.302,22451.0,45387.0,10294.0,21107.0,32432.0,35406.0,721.0,30680.0,39023.0,28729.0,2597.0,28769.0
0.301,22380.0,45458.0,10255.0,21146.0,32203.0,35635.0,704.0,30697.0,38898.0,28854.0,2583.0,28783.0
0.3,22303.0,45535.0,10234.0,21167.0,31973.0,35865.0,690.0,30711.0,38786.0,28966.0,2570.0,28796.0
0.299,22225.0,45613.0,10199.0,21202.0,31724.0,36114.0,682.0,30719.0,38685.0,29067.0,2557.0,28809.0
0.298,22140.0,45698.0,10171.0,21230.0,31475.0,36363.0,672.0,30729.0,38586.0,29166.0,2543.0,28823.0
0.297,22058.0,45780.0,10151.0,21250.0,31231.0,36607.0,662.0,30739.0,38489.0,29263.0,2535.0,28831.0
0.296,21971.0,45867.0,10128.0,21273.0,31010.0,36828.0,653.0,30748.0,38367.0,29385.0,2525.0,28841.0
0.295,21890.0,45948.0,10099.0,21302.0,30779.0,37059.0,644.0,30757.0,38284.0,29468.0,2516.0,28850.0
0.294,21813.0,46025.0,10070.0,21331.0,30557.0,37281.0,633.0,30768.0,38194.0,29558.0,2503.0,28863.0
0.293,21742.0,46096.0,10041.0,21360.0,30333.0,37505.0,624.0,30777.0,38094.0,29658.0,2493.0,28873.0
0.292,21685.0,46153.0,10012.0,21389.0,30094.0,37744.0,615.0,30786.0,37997.0,29755.0,2483.0,28883.0
0.291,21596.0,46242.0,9990.0,21411.0,29863.0,37975.0,605.0,30796.0,37895.0,29857.0,2470.0,28896.0
0.29,21502.0,46336.0,9965.0,21436.0,29623.0,38215.0,597.0,30804.0,37779.0,29973.0,2454.0,28912.0
0.289,21406.0,46432.0,9944.0,21457.0,29367.0,38471.0,594.0,30807.0,37671.0,30081.0,2442.0,28924.0
0.288,21325.0,46513.0,9918.0,21483.0,29117.0,38721.0,578.0,30823.0,37578.0,30174.0,2433.0,28933.0
0.287,21245.0,46593.0,9897.0,21504.0,28885.0,38953.0,571.0,30830.0,37476.0,30276.0,2428.0,28938.0
0.286,21158.0,46680.0,9862.0,21539.0,28664.0,39174.0,565.0,30836.0,37375.0,30377.0,2413.0,28953.0
0.285,21074.0,46764.0,9836.0,21565.0,28435.0,39403.0,559.0,30842.0,37274.0,30478.0,2399.0,28967.0
0.284,20999.0,46839.0,9811.0,21590.0,28192.0,39646.0,552.0,30849.0,37170.0,30582.0,2391.0,28975.0
0.283,20912.0,46926.0,9782.0,21619.0,27964.0,39874.0,542.0,30859.0,37064.0,30688.0,2383.0,28983.0
0.282,20837.0,47001.0,9753.0,21648.0,27726.0,40112.0,537.0,30864.0,36954.0,30798.0,2369.0,28997.0
0.281,20758.0,47080.0,9729.0,21672.0,27506.0,40332.0,527.0,30874.0,36838.0,30914.0,2358.0,29008.0
0.28,20678.0,47160.0,9709.0,21692.0,27282.0,40556.0,520.0,30881.0,36724.0,31028.0,2347.0,29019.0
0.279,20599.0,47239.0,9682.0,21719.0,27012.0,40826.0,512.0,30889.0,36636.0,31116.0,2333.0,29033.0
0.278,20496.0,47342.0,9650.0,21751.0,26782.0,41056.0,505.0,30896.0,36513.0,31239.0,2317.0,29049.0
0.277,20411.0,47427.0,9622.0,21779.0,26557.0,41281.0,501.0,30900.0,36400.0,31352.0,2304.0,29062.0
0.276,20331.0,47507.0,9586.0,21815.0,26324.0,41514.0,493.0,30908.0,36296.0,31456.0,2297.0,29069.0
0.275,20250.0,47588.0,9549.0,21852.0,26097.0,41741.0,486.0,30915.0,36198.0,31554.0,2285.0,29081.0
0.274,20176.0,47662.0,9517.0,21884.0,25882.0,41956.0,476.0,30925.0,36113.0,31639.0,2276.0,29090.0
0.273,20081.0,47757.0,9486.0,21915.0,25645.0,42193.0,464.0,30937.0,35991.0,31761.0,2263.0,29103.0
0.272,20004.0,47834.0,9459.0,21942.0,25428.0,42410.0,460.0,30941.0,35894.0,31858.0,2250.0,29116.0
0.271,19914.0,47924.0,9439.0,21962.0,25210.0,42628.0,454.0,30947.0,35794.0,31958.0,2238.0,29128.0
0.27,19834.0,48004.0,9408.0,21993.0,24970.0,42868.0,444.0,30957.0,35696.0,32056.0,2230.0,29136.0
0.269,19756.0,48082.0,9375.0,22026.0,24759.0,43079.0,431.0,30970.0,35591.0,32161.0,2216.0,29150.0
0.268,19660.0,48178.0,9350.0,22051.0,24484.0,43354.0,423.0,30978.0,35478.0,32274.0,2207.0,29159.0
0.267,19572.0,48266.0,9326.0,22075.0,24229.0,43609.0,418.0,30983.0,35372.0,32380.0,2201.0,29165.0
0.266,19494.0,48344.0,9301.0,22100.0,24016.0,43822.0,409.0,30992.0,35279.0,32473.0,2189.0,29177.0
0.265,19393.0,48445.0,9270.0,22131.0,23781.0,44057.0,397.0,31004.0,35182.0,32570.0,2176.0,29190.0
0.264,19303.0,48535.0,9230.0,22171.0,23566.0,44272.0,391.0,31010.0,35085.0,32667.0,2162.0,29204.0
0.263,19239.0,48599.0,9204.0,22197.0,23316.0,44522.0,380.0,31021.0,34987.0,32765.0,2149.0,29217.0
0.262,19150.0,48688.0,9171.0,22230.0,23110.0,44728.0,374.0,31027.0,34896.0,32856.0,2141.0,29225.0
0.261,19063.0,48775.0,9138.0,22263.0,22874.0,44964.0,365.0,31036.0,34787.0,32965.0,2128.0,29238.0
0.26,18963.0,48875.0,9119.0,22282.0,22643.0,45195.0,364.0,31037.0,34688.0,33064.0,2111.0,29255.0
0.259,18874.0,48964.0,9083.0,22318.0,22403.0,45435.0,362.0,31039.0,34572.0,33180.0,2100.0,29266.0
0.258,18803.0,49035.0,9054.0,22347.0,22175.0,45663.0,358.0,31043.0,34465.0,33287.0,2085.0,29281.0
0.257,18719.0,49119.0,9028.0,22373.0,21931.0,45907.0,351.0,31050.0,34356.0,33396.0,2080.0,29286.0
0.256,18630.0,49208.0,9004.0,22397.0,21691.0,46147.0,344.0,31057.0,34239.0,33513.0,2071.0,29295.0
0.255,18542.0,49296.0,8969.0,22432.0,21478.0,46360.0,339.0,31062.0,34138.0,33614.0,2059.0,29307.0
0.254,18461.0,49377.0,8941.0,22460.0,21255.0,46583.0,334.0,31067.0,34037.0,33715.0,2048.0,29318.0
0.253,18360.0,49478.0,8919.0,22482.0,21032.0,46806.0,329.0,31072.0,33921.0,33831.0,2036.0,29330.0
0.252,18277.0,49561.0,8884.0,22517.0,20798.0,47040.0,325.0,31076.0,33833.0,33919.0,2022.0,29344.0
0.251,18190.0,49648.0,8853.0,22548.0,20562.0,47276.0,319.0,31082.0,33729.0,34023.0,2012.0,29354.0
0.25,18101.0,49737.0,8822.0,22579.0,20345.0,47493.0,310.0,31091.0,33620.0,34132.0,2004.0,29362.0
0.249,18025.0,49813.0,8797.0,22604.0,20102.0,47736.0,304.0,31097.0,33526.0,34226.0,1993.0,29373.0
0.248,17950.0,49888.0,8778.0,22623.0,19886.0,47952.0,296.0,31105.0,33424.0,34328.0,1984.0,29382.0
0.247,17871.0,49967.0,8745.0,22656.0,19663.0,48175.0,288.0,31113.0,33315.0,34437.0,1966.0,29400.0
0.246,17804.0,50034.0,8716.0,22685.0,19448.0,48390.0,282.0,31119.0,33213.0,34539.0,1955.0,29411.0
0.245,17718.0,50120.0,8685.0,22716.0,19263.0,48575.0,277.0,31124.0,33100.0,34652.0,1944.0,29422.0
0.244,17640.0,50198.0,8649.0,22752.0,19063.0,48775.0,271.0,31130.0,33000.0,34752.0,1931.0,29435.0
0.243,17544.0,50294.0,8620.0,22781.0,18859.0,48979.0,265.0,31136.0,32888.0,34864.0,1923.0,29443.0
0.242,17461.0,50377.0,8592.0,22809.0,18629.0,49209.0,259.0,31142.0,32786.0,34966.0,1911.0,29455.0
0.241,17389.0,50449.0,8555.0,22846.0,18420.0,49418.0,257.0,31144.0,32694.0,35058.0,1903.0,29463.0
0.24,17299.0,50539.0,8529.0,22872.0,18196.0,49642.0,250.0,31151.0,32585.0,35167.0,1893.0,29473.0
0.239,17213.0,50625.0,8500.0,22901.0,17993.0,49845.0,245.0,31156.0,32488.0,35264.0,1881.0,29485.0
0.238,17134.0,50704.0,8467.0,22934.0,17766.0,50072.0,242.0,31159.0,32379.0,35373.0,1868.0,29498.0
0.237,17047.0,50791.0,8441.0,22960.0,17560.0,50278.0,238.0,31163.0,32269.0,35483.0,1858.0,29508.0
0.236,16969.0,50869.0,8402.0,22999.0,17348.0,50490.0,234.0,31167.0,32178.0,35574.0,1842.0,29524.0
0.235,16892.0,50946.0,8383.0,23018.0,17127.0,50711.0,232.0,31169.0,32073.0,35679.0,1836.0,29530.0
0.234,16802.0,51036.0,8345.0,23056.0,16938.0,50900.0,231.0,31170.0,31956.0,35796.0,1818.0,29548.0
0.233,16715.0,51123.0,8316.0,23085.0,16704.0,51134.0,227.0,31174.0,31866.0,35886.0,1811.0,29555.0
0.232,16614.0,51224.0,8282.0,23119.0,16494.0,51344.0,218.0,31183.0,31748.0,36004.0,1801.0,29565.0
0.231,16526.0,51312.0,8252.0,23149.0,16260.0,51578.0,215.0,31186.0,31635.0,36117.0,1791.0,29575.0
0.23,16430.0,51408.0,8228.0,23173.0,16063.0,51775.0,214.0,31187.0,31538.0,36214.0,1775.0,29591.0
0.229,16340.0,51498.0,8188.0,23213.0,15845.0,51993.0,211.0,31190.0,31427.0,36325.0,1768.0,29598.0
0.228,16250.0,51588.0,8157.0,23244.0,15631.0,52207.0,208.0,31193.0,31308.0,36444.0,1761.0,29605.0
0.227,16151.0,51687.0,8130.0,23271.0,15430.0,52408.0,205.0,31196.0,31202.0,36550.0,1748.0,29618.0
0.226,16066.0,51772.0,8100.0,23301.0,15243.0,52595.0,201.0,31200.0,31104.0,36648.0,1730.0,29636.0
0.225,15986.0,51852.0,8066.0,23335.0,15040.0,52798.0,201.0,31200.0,30999.0,36753.0,1720.0,29646.0
0.224,15906.0,51932.0,8028.0,23373.0,14847.0,52991.0,200.0,31201.0,30913.0,36839.0,1705.0,29661.0
0.223,15828.0,52010.0,7992.0,23409.0,14620.0,53218.0,195.0,31206.0,30797.0,36955.0,1696.0,29670.0
0.222,15745.0,52093.0,7947.0,23454.0,14421.0,53417.0,191.0,31210.0,30692.0,37060.0,1680.0,29686.0
0.221,15661.0,52177.0,7910.0,23491.0,14194.0,53644.0,190.0,31211.0,30575.0,37177.0,1673.0,29693.0
0.22,15575.0,52263.0,7879.0,23522.0,13993.0,53845.0,187.0,31214.0,30468.0,37284.0,1665.0,29701.0
0.219,15487.0,52351.0,7851.0,23550.0,13818.0,54020.0,178.0,31223.0,30380.0,37372.0,1654.0,29712.0
0.218,15389.0,52449.0,7808.0,23593.0,13668.0,54170.0,172.0,31229.0,30289.0,37463.0,1643.0,29723.0
0.217,15292.0,52546.0,7771.0,23630.0,13484.0,54354.0,169.0,31232.0,30171.0,37581.0,1631.0,29735.0
0.216,15214.0,52624.0,7733.0,23668.0,13317.0,54521.0,164.0,31237.0,30059.0,37693.0,1624.0,29742.0
0.215,15128.0,52710.0,7695.0,23706.0,13132.0,54706.0,159.0,31242.0,29950.0,37802.0,1617.0,29749.0
0.214,15048.0,52790.0,7665.0,23736.0,12926.0,54912.0,157.0,31244.0,29857.0,37895.0,1603.0,29763.0
0.213,14952.0,52886.0,7628.0,23773.0,12747.0,55091.0,153.0,31248.0,29754.0,37998.0,1594.0,29772.0
0.212,14851.0,52987.0,7594.0,23807.0,12554.0,55284.0,152.0,31249.0,29648.0,38104.0,1579.0,29787.0
0.211,14753.0,53085.0,7554.0,23847.0,12368.0,55470.0,143.0,31258.0,29529.0,38223.0,1567.0,29799.0
0.21,14656.0,53182.0,7518.0,23883.0,12180.0,55658.0,141.0,31260.0,29412.0,38340.0,1558.0,29808.0
0.209,14584.0,53254.0,7485.0,23916.0,12015.0,55823.0,136.0,31265.0,29276.0,38476.0,1554.0,29812.0
0.208,14511.0,53327.0,7453.0,23948.0,11846.0,55992.0,126.0,31275.0,29193.0,38559.0,1545.0,29821.0
0.207,14423.0,53415.0,7416.0,23985.0,11699.0,56139.0,122.0,31279.0,29094.0,38658.0,1536.0,29830.0
0.206,14330.0,53508.0,7391.0,24010.0,11520.0,56318.0,117.0,31284.0,28962.0,38790.0,1528.0,29838.0
0.205,14245.0,53593.0,7356.0,24045.0,11296.0,56542.0,115.0,31286.0,28857.0,38895.0,1521.0,29845.0
0.204,14152.0,53686.0,7324.0,24077.0,11105.0,56733.0,113.0,31288.0,28752.0,39000.0,1508.0,29858.0
0.203,14061.0,53777.0,7290.0,24111.0,10960.0,56878.0,110.0,31291.0,28651.0,39101.0,1500.0,29866.0
0.202,13962.0,53876.0,7261.0,24140.0,10779.0,57059.0,106.0,31295.0,28535.0,39217.0,1491.0,29875.0
0.201,13865.0,53973.0,7227.0,24174.0,10603.0,57235.0,101.0,31300.0,28429.0,39323.0,1476.0,29890.0
0.2,13766.0,54072.0,7193.0,24208.0,10425.0,57413.0,99.0,31302.0,28308.0,39444.0,1469.0,29897.0
0.199,13680.0,54158.0,7168.0,24233.0,10227.0,57611.0,95.0,31306.0,28196.0,39556.0,1456.0,29910.0
0.198,13602.0,54236.0,7145.0,24256.0,10071.0,57767.0,92.0,31309.0,28074.0,39678.0,1449.0,29917.0
0.197,13491.0,54347.0,7105.0,24296.0,9928.0,57910.0,89.0,31312.0,27984.0,39768.0,1436.0,29930.0
0.196,13424.0,54414.0,7078.0,24323.0,9736.0,58102.0,88.0,31313.0,27874.0,39878.0,1429.0,29937.0
0.195,13328.0,54510.0,7058.0,24343.0,9549.0,58289.0,88.0,31313.0,27772.0,39980.0,1419.0,29947.0
0.194,13249.0,54589.0,7030.0,24371.0,9389.0,58449.0,85.0,31316.0,27657.0,40095.0,1409.0,29957.0
0.193,13149.0,54689.0,7003.0,24398.0,9241.0,58597.0,77.0,31324.0,27540.0,40212.0,1400.0,29966.0
0.192,13067.0,54771.0,6974.0,24427.0,9089.0,58749.0,75.0,31326.0,27425.0,40327.0,1392.0,29974.0
0.191,12985.0,54853.0,6931.0,24470.0,8948.0,58890.0,75.0,31326.0,27309.0,40443.0,1383.0,29983.0
0.19,12911.0,54927.0,6905.0,24496.0,8807.0,59031.0,75.0,31326.0,27189.0,40563.0,1375.0,29991.0
0.189,12815.0,55023.0,6876.0,24525.0,8690.0,59148.0,73.0,31328.0,27076.0,40676.0,1364.0,30002.0
0.188,12735.0,55103.0,6842.0,24559.0,8557.0,59281.0,69.0,31332.0,26968.0,40784.0,1354.0,30012.0
0.187,12631.0,55207.0,6809.0,24592.0,8401.0,59437.0,67.0,31334.0,26858.0,40894.0,1350.0,30016.0
0.186,12525.0,55313.0,6772.0,24629.0,8266.0,59572.0,62.0,31339.0,26719.0,41033.0,1343.0,30023.0
0.185,12414.0,55424.0,6740.0,24661.0,8132.0,59706.0,61.0,31340.0,26597.0,41155.0,1337.0,30029.0
0.184,12322.0,55516.0,6714.0,24687.0,8003.0,59835.0,61.0,31340.0,26468.0,41284.0,1320.0,30046.0
0.183,12237.0,55601.0,6675.0,24726.0,7836.0,60002.0,60.0,31341.0,26332.0,41420.0,1310.0,30056.0
0.182,12147.0,55691.0,6641.0,24760.0,7719.0,60119.0,59.0,31342.0,26226.0,41526.0,1306.0,30060.0
0.181,12058.0,55780.0,6601.0,24800.0,7567.0,60271.0,57.0,31344.0,26114.0,41638.0,1297.0,30069.0
0.18,11966.0,55872.0,6563.0,24838.0,7444.0,60394.0,56.0,31345.0,25993.0,41759.0,1291.0,30075.0
0.179,11870.0,55968.0,6527.0,24874.0,7320.0,60518.0,52.0,31349.0,25882.0,41870.0,1286.0,30080.0
0.178,11780.0,56058.0,6493.0,24908.0,7198.0,60640.0,52.0,31349.0,25766.0,41986.0,1278.0,30088.0
0.177,11689.0,56149.0,6459.0,24942.0,7077.0,60761.0,51.0,31350.0,25654.0,42098.0,1266.0,30100.0
0.176,11590.0,56248.0,6424.0,24977.0,6953.0,60885.0,50.0,31351.0,25537.0,42215.0,1259.0,30107.0
0.175,11508.0,56330.0,6387.0,25014.0,6842.0,60996.0,49.0,31352.0,25424.0,42328.0,1246.0,30120.0
0.174,11418.0,56420.0,6363.0,25038.0,6703.0,61135.0,47.0,31354.0,25301.0,42451.0,1237.0,30129.0
0.173,11330.0,56508.0,6333.0,25068.0,6568.0,61270.0,46.0,31355.0,25174.0,42578.0,1226.0,30140.0
0.172,11230.0,56608.0,6304.0,25097.0,6438.0,61400.0,44.0,31357.0,25056.0,42696.0,1218.0,30148.0
0.171,11146.0,56692.0,6276.0,25125.0,6343.0,61495.0,44.0,31357.0,24934.0,42818.0,1207.0,30159.0
0.17,11072.0,56766.0,6238.0,25163.0,6240.0,61598.0,41.0,31360.0,24819.0,42933.0,1196.0,30170.0
0.169,10973.0,56865.0,6193.0,25208.0,6142.0,61696.0,39.0,31362.0,24684.0,43068.0,1186.0,30180.0
0.168,10890.0,56948.0,6160.0,25241.0,6001.0,61837.0,38.0,31363.0,24553.0,43199.0,1177.0,30189.0
0.167,10805.0,57033.0,6108.0,25293.0,5899.0,61939.0,36.0,31365.0,24435.0,43317.0,1171.0,30195.0
0.166,10714.0,57124.0,6074.0,25327.0,5789.0,62049.0,35.0,31366.0,24306.0,43446.0,1162.0,30204.0
0.165,10631.0,57207.0,6030.0,25371.0,5675.0,62163.0,34.0,31367.0,24187.0,43565.0,1156.0,30210.0
0.164,10536.0,57302.0,5994.0,25407.0,5570.0,62268.0,30.0,31371.0,24075.0,43677.0,1153.0,30213.0
0.163,10444.0,57394.0,5963.0,25438.0,5468.0,62370.0,28.0,31373.0,23957.0,43795.0,1146.0,30220.0
0.162,10343.0,57495.0,5934.0,25467.0,5349.0,62489.0,27.0,31374.0,23838.0,43914.0,1138.0,30228.0
0.161,10242.0,57596.0,5889.0,25512.0,5251.0,62587.0,25.0,31376.0,23717.0,44035.0,1126.0,30240.0
0.16,10145.0,57693.0,5852.0,25549.0,5147.0,62691.0,25.0,31376.0,23592.0,44160.0,1123.0,30243.0
0.159,10055.0,57783.0,5815.0,25586.0,5040.0,62798.0,22.0,31379.0,23461.0,44291.0,1113.0,30253.0
0.158,9970.0,57868.0,5776.0,25625.0,4945.0,62893.0,20.0,31381.0,23333.0,44419.0,1112.0,30254.0
0.157,9860.0,57978.0,5737.0,25664.0,4853.0,62985.0,19.0,31382.0,23189.0,44563.0,1105.0,30261.0
0.156,9774.0,58064.0,5702.0,25699.0,4764.0,63074.0,16.0,31385.0,23082.0,44670.0,1099.0,30267.0
0.155,9697.0,58141.0,5663.0,25738.0,4666.0,63172.0,12.0,31389.0,22974.0,44778.0,1095.0,30271.0
0.154,9591.0,58247.0,5628.0,25773.0,4580.0,63258.0,12.0,31389.0,22845.0,44907.0,1089.0,30277.0
0.153,9494.0,58344.0,5600.0,25801.0,4502.0,63336.0,11.0,31390.0,22730.0,45022.0,1082.0,30284.0
0.152,9411.0,58427.0,5578.0,25823.0,4428.0,63410.0,11.0,31390.0,22597.0,45155.0,1076.0,30290.0
0.151,9327.0,58511.0,5543.0,25858.0,4359.0,63479.0,11.0,31390.0,22484.0,45268.0,1069.0,30297.0
0.15,9222.0,58616.0,5511.0,25890.0,4277.0,63561.0,10.0,31391.0,22360.0,45392.0,1062.0,30304.0
0.149,9133.0,58705.0,5471.0,25930.0,4184.0,63654.0,9.0,31392.0,22226.0,45526.0,1056.0,30310.0
0.148,9046.0,58792.0,5428.0,25973.0,4100.0,63738.0,9.0,31392.0,22092.0,45660.0,1051.0,30315.0
0.147,8965.0,58873.0,5392.0,26009.0,4004.0,63834.0,9.0,31392.0,21977.0,45775.0,1045.0,30321.0
0.146,8867.0,58971.0,5352.0,26049.0,3914.0,63924.0,9.0,31392.0,21839.0,45913.0,1039.0,30327.0
0.145,8773.0,59065.0,5317.0,26084.0,3822.0,64016.0,9.0,31392.0,21714.0,46038.0,1031.0,30335.0
0.144,8680.0,59158.0,5288.0,26113.0,3764.0,64074.0,9.0,31392.0,21567.0,46185.0,1025.0,30341.0
0.143,8601.0,59237.0,5267.0,26134.0,3689.0,64149.0,8.0,31393.0,21435.0,46317.0,1018.0,30348.0
0.142,8519.0,59319.0,5225.0,26176.0,3622.0,64216.0,8.0,31393.0,21287.0,46465.0,1007.0,30359.0
0.141,8427.0,59411.0,5183.0,26218.0,3547.0,64291.0,8.0,31393.0,21144.0,46608.0,998.0,30368.0
0.14,8349.0,59489.0,5138.0,26263.0,3478.0,64360.0,7.0,31394.0,21021.0,46731.0,990.0,30376.0
0.139,8264.0,59574.0,5089.0,26312.0,3398.0,64440.0,7.0,31394.0,20883.0,46869.0,984.0,30382.0
0.138,8170.0,59668.0,5056.0,26345.0,3320.0,64518.0,7.0,31394.0,20756.0,46996.0,976.0,30390.0
0.137,8082.0,59756.0,5017.0,26384.0,3236.0,64602.0,7.0,31394.0,20621.0,47131.0,964.0,30402.0
0.136,8000.0,59838.0,4985.0,26416.0,3155.0,64683.0,7.0,31394.0,20472.0,47280.0,956.0,30410.0
0.135,7919.0,59919.0,4937.0,26464.0,3090.0,64748.0,7.0,31394.0,20334.0,47418.0,951.0,30415.0
0.134,7833.0,60005.0,4893.0,26508.0,3027.0,64811.0,7.0,31394.0,20194.0,47558.0,943.0,30423.0
0.133,7741.0,60097.0,4863.0,26538.0,2958.0,64880.0,7.0,31394.0,20053.0,47699.0,939.0,30427.0
0.132,7639.0,60199.0,4829.0,26572.0,2893.0,64945.0,6.0,31395.0,19890.0,47862.0,935.0,30431.0
0.131,7546.0,60292.0,4787.0,26614.0,2823.0,65015.0,6.0,31395.0,19766.0,47986.0,930.0,30436.0
0.13,7464.0,60374.0,4743.0,26658.0,2758.0,65080.0,6.0,31395.0,19636.0,48116.0,924.0,30442.0
0.129,7381.0,60457.0,4702.0,26699.0,2693.0,65145.0,6.0,31395.0,19492.0,48260.0,916.0,30450.0
0.128,7278.0,60560.0,4666.0,26735.0,2628.0,65210.0,6.0,31395.0,19346.0,48406.0,910.0,30456.0
0.127,7182.0,60656.0,4623.0,26778.0,2574.0,65264.0,6.0,31395.0,19196.0,48556.0,899.0,30467.0
0.126,7093.0,60745.0,4573.0,26828.0,2518.0,65320.0,6.0,31395.0,19047.0,48705.0,892.0,30474.0
0.125,7008.0,60830.0,4533.0,26868.0,2461.0,65377.0,5.0,31396.0,18909.0,48843.0,889.0,30477.0
0.124,6911.0,60927.0,4501.0,26900.0,2410.0,65428.0,4.0,31397.0,18744.0,49008.0,882.0,30484.0
0.123,6835.0,61003.0,4458.0,26943.0,2347.0,65491.0,3.0,31398.0,18594.0,49158.0,874.0,30492.0
0.122,6726.0,61112.0,4422.0,26979.0,2300.0,65538.0,3.0,31398.0,18457.0,49295.0,862.0,30504.0
0.121,6622.0,61216.0,4393.0,27008.0,2238.0,65600.0,3.0,31398.0,18280.0,49472.0,856.0,30510.0
0.12,6552.0,61286.0,4350.0,27051.0,2185.0,65653.0,3.0,31398.0,18136.0,49616.0,849.0,30517.0
0.119,6458.0,61380.0,4317.0,27084.0,2131.0,65707.0,3.0,31398.0,17986.0,49766.0,842.0,30524.0
0.118,6362.0,61476.0,4279.0,27122.0,2070.0,65768.0,2.0,31399.0,17827.0,49925.0,834.0,30532.0
0.117,6260.0,61578.0,4246.0,27155.0,2011.0,65827.0,2.0,31399.0,17697.0,50055.0,831.0,30535.0
0.116,6165.0,61673.0,4196.0,27205.0,1949.0,65889.0,2.0,31399.0,17525.0,50227.0,824.0,30542.0
0.115,6078.0,61760.0,4165.0,27236.0,1898.0,65940.0,2.0,31399.0,17383.0,50369.0,818.0,30548.0
0.114,5996.0,61842.0,4134.0,27267.0,1855.0,65983.0,2.0,31399.0,17227.0,50525.0,814.0,30552.0
0.113,5917.0,61921.0,4091.0,27310.0,1802.0,66036.0,2.0,31399.0,17082.0,50670.0,809.0,30557.0
0.112,5827.0,62011.0,4051.0,27350.0,1767.0,66071.0,2.0,31399.0,16951.0,50801.0,805.0,30561.0
0.111,5759.0,62079.0,4014.0,27387.0,1705.0,66133.0,2.0,31399.0,16793.0,50959.0,800.0,30566.0
0.11,5668.0,62170.0,3984.0,27417.0,1670.0,66168.0,2.0,31399.0,16643.0,51109.0,795.0,30571.0
0.109,5574.0,62264.0,3934.0,27467.0,1627.0,66211.0,2.0,31399.0,16501.0,51251.0,790.0,30576.0
0.108,5482.0,62356.0,3891.0,27510.0,1590.0,66248.0,2.0,31399.0,16349.0,51403.0,783.0,30583.0
0.107,5402.0,62436.0,3857.0,27544.0,1534.0,66304.0,2.0,31399.0,16210.0,51542.0,775.0,30591.0
0.106,5330.0,62508.0,3819.0,27582.0,1500.0,66338.0,2.0,31399.0,16039.0,51713.0,767.0,30599.0
0.105,5255.0,62583.0,3776.0,27625.0,1468.0,66370.0,2.0,31399.0,15912.0,51840.0,762.0,30604.0
0.104,5170.0,62668.0,3732.0,27669.0,1420.0,66418.0,2.0,31399.0,15756.0,51996.0,752.0,30614.0
0.103,5097.0,62741.0,3684.0,27717.0,1381.0,66457.0,2.0,31399.0,15625.0,52127.0,743.0,30623.0
0.102,5007.0,62831.0,3655.0,27746.0,1342.0,66496.0,2.0,31399.0,15490.0,52262.0,732.0,30634.0
0.101,4915.0,62923.0,3604.0,27797.0,1297.0,66541.0,2.0,31399.0,15357.0,52395.0,726.0,30640.0
0.1,4831.0,63007.0,3560.0,27841.0,1262.0,66576.0,2.0,31399.0,15186.0,52566.0,722.0,30644.0
0.099,4755.0,63083.0,3523.0,27878.0,1222.0,66616.0,1.0,31400.0,15054.0,52698.0,717.0,30649.0
0.098,4673.0,63165.0,3485.0,27916.0,1191.0,66647.0,1.0,31400.0,14911.0,52841.0,711.0,30655.0
0.097,4599.0,63239.0,3448.0,27953.0,1152.0,66686.0,1.0,31400.0,14765.0,52987.0,704.0,30662.0
0.096,4513.0,63325.0,3416.0,27985.0,1115.0,66723.0,0.0,31401.0,14625.0,53127.0,693.0,30673.0
0.095,4433.0,63405.0,3370.0,28031.0,1079.0,66759.0,0.0,31401.0,14503.0,53249.0,683.0,30683.0
0.094,4358.0,63480.0,3335.0,28066.0,1054.0,66784.0,0.0,31401.0,14367.0,53385.0,674.0,30692.0
0.093,4279.0,63559.0,3301.0,28100.0,1016.0,66822.0,0.0,31401.0,14227.0,53525.0,669.0,30697.0
0.092,4175.0,63663.0,3259.0,28142.0,986.0,66852.0,0.0,31401.0,14083.0,53669.0,655.0,30711.0
0.091,4111.0,63727.0,3223.0,28178.0,950.0,66888.0,0.0,31401.0,13955.0,53797.0,646.0,30720.0
0.09,4043.0,63795.0,3182.0,28219.0,915.0,66923.0,0.0,31401.0,13803.0,53949.0,639.0,30727.0
0.089,3977.0,63861.0,3131.0,28270.0,893.0,66945.0,0.0,31401.0,13673.0,54079.0,628.0,30738.0
0.088,3898.0,63940.0,3088.0,28313.0,868.0,66970.0,0.0,31401.0,13516.0,54236.0,618.0,30748.0
0.087,3824.0,64014.0,3048.0,28353.0,834.0,67004.0,0.0,31401.0,13374.0,54378.0,608.0,30758.0
0.086,3749.0,64089.0,3017.0,28384.0,814.0,67024.0,0.0,31401.0,13236.0,54516.0,601.0,30765.0
0.085,3669.0,64169.0,2981.0,28420.0,796.0,67042.0,0.0,31401.0,13105.0,54647.0,594.0,30772.0
0.084,3603.0,64235.0,2940.0,28461.0,766.0,67072.0,0.0,31401.0,12977.0,54775.0,589.0,30777.0
0.083,3542.0,64296.0,2894.0,28507.0,746.0,67092.0,0.0,31401.0,12827.0,54925.0,579.0,30787.0
0.082,3447.0,64391.0,2858.0,28543.0,725.0,67113.0,0.0,31401.0,12683.0,55069.0,570.0,30796.0
0.081,3376.0,64462.0,2821.0,28580.0,704.0,67134.0,0.0,31401.0,12539.0,55213.0,561.0,30805.0
0.08,3302.0,64536.0,2787.0,28614.0,684.0,67154.0,0.0,31401.0,12398.0,55354.0,549.0,30817.0
0.079,3238.0,64600.0,2752.0,28649.0,659.0,67179.0,0.0,31401.0,12255.0,55497.0,544.0,30822.0
0.078,3140.0,64698.0,2713.0,28688.0,625.0,67213.0,0.0,31401.0,12135.0,55617.0,537.0,30829.0
0.077,3064.0,64774.0,2666.0,28735.0,606.0,67232.0,0.0,31401.0,11977.0,55775.0,529.0,30837.0
0.076,2991.0,64847.0,2620.0,28781.0,583.0,67255.0,0.0,31401.0,11824.0,55928.0,515.0,30851.0
0.075,2921.0,64917.0,2585.0,28816.0,563.0,67275.0,0.0,31401.0,11681.0,56071.0,505.0,30861.0
0.074,2846.0,64992.0,2556.0,28845.0,551.0,67287.0,0.0,31401.0,11571.0,56181.0,494.0,30872.0
0.073,2781.0,65057.0,2522.0,28879.0,537.0,67301.0,0.0,31401.0,11431.0,56321.0,488.0,30878.0
0.072,2705.0,65133.0,2478.0,28923.0,519.0,67319.0,0.0,31401.0,11284.0,56468.0,482.0,30884.0
0.071,2630.0,65208.0,2433.0,28968.0,509.0,67329.0,0.0,31401.0,11136.0,56616.0,472.0,30894.0
0.07,2544.0,65294.0,2394.0,29007.0,494.0,67344.0,0.0,31401.0,10977.0,56775.0,466.0,30900.0
0.069,2481.0,65357.0,2356.0,29045.0,483.0,67355.0,0.0,31401.0,10846.0,56906.0,456.0,30910.0
0.068,2404.0,65434.0,2322.0,29079.0,464.0,67374.0,0.0,31401.0,10696.0,57056.0,445.0,30921.0
0.067,2335.0,65503.0,2285.0,29116.0,444.0,67394.0,0.0,31401.0,10529.0,57223.0,439.0,30927.0
0.066,2277.0,65561.0,2245.0,29156.0,425.0,67413.0,0.0,31401.0,10402.0,57350.0,431.0,30935.0
0.065,2203.0,65635.0,2207.0,29194.0,419.0,67419.0,0.0,31401.0,10242.0,57510.0,424.0,30942.0
0.064,2138.0,65700.0,2166.0,29235.0,407.0,67431.0,0.0,31401.0,10075.0,57677.0,421.0,30945.0
0.063,2075.0,65763.0,2134.0,29267.0,395.0,67443.0,0.0,31401.0,9954.0,57798.0,419.0,30947.0
0.062,2008.0,65830.0,2095.0,29306.0,384.0,67454.0,0.0,31401.0,9811.0,57941.0,416.0,30950.0
0.061,1930.0,65908.0,2046.0,29355.0,376.0,67462.0,0.0,31401.0,9664.0,58088.0,410.0,30956.0
0.06,1880.0,65958.0,2002.0,29399.0,359.0,67479.0,0.0,31401.0,9503.0,58249.0,407.0,30959.0
0.059,1810.0,66028.0,1946.0,29455.0,345.0,67493.0,0.0,31401.0,9342.0,58410.0,404.0,30962.0
0.058,1756.0,66082.0,1904.0,29497.0,326.0,67512.0,0.0,31401.0,9172.0,58580.0,395.0,30971.0
0.057,1712.0,66126.0,1857.0,29544.0,314.0,67524.0,0.0,31401.0,9026.0,58726.0,390.0,30976.0
0.056,1654.0,66184.0,1810.0,29591.0,302.0,67536.0,0.0,31401.0,8847.0,58905.0,384.0,30982.0
0.055,1590.0,66248.0,1776.0,29625.0,296.0,67542.0,0.0,31401.0,8716.0,59036.0,372.0,30994.0
0.054,1532.0,66306.0,1741.0,29660.0,283.0,67555.0,0.0,31401.0,8583.0,59169.0,367.0,30999.0
0.053,1482.0,66356.0,1703.0,29698.0,269.0,67569.0,0.0,31401.0,8428.0,59324.0,354.0,31012.0
0.052,1420.0,66418.0,1658.0,29743.0,259.0,67579.0,0.0,31401.0,8280.0,59472.0,349.0,31017.0
0.051,1369.0,66469.0,1608.0,29793.0,248.0,67590.0,0.0,31401.0,8111.0,59641.0,340.0,31026.0
0.05,1311.0,66527.0,1566.0,29835.0,224.0,67614.0,0.0,31401.0,7938.0,59814.0,334.0,31032.0
0.049,1262.0,66576.0,1525.0,29876.0,214.0,67624.0,0.0,31401.0,7782.0,59970.0,327.0,31039.0
0.048,1203.0,66635.0,1459.0,29942.0,210.0,67628.0,0.0,31401.0,7621.0,60131.0,319.0,31047.0
0.047,1143.0,66695.0,1416.0,29985.0,194.0,67644.0,0.0,31401.0,7467.0,60285.0,313.0,31053.0
0.046,1087.0,66751.0,1376.0,30025.0,181.0,67657.0,0.0,31401.0,7327.0,60425.0,305.0,31061.0
0.045,1032.0,66806.0,1338.0,30063.0,177.0,67661.0,0.0,31401.0,7182.0,60570.0,297.0,31069.0
0.044,993.0,66845.0,1296.0,30105.0,168.0,67670.0,0.0,31401.0,7034.0,60718.0,285.0,31081.0
0.043,942.0,66896.0,1264.0,30137.0,154.0,67684.0,0.0,31401.0,6903.0,60849.0,281.0,31085.0
0.042,896.0,66942.0,1220.0,30181.0,141.0,67697.0,0.0,31401.0,6757.0,60995.0,273.0,31093.0
0.041,849.0,66989.0,1176.0,30225.0,136.0,67702.0,0.0,31401.0,6626.0,61126.0,265.0,31101.0
0.04,794.0,67044.0,1149.0,30252.0,129.0,67709.0,0.0,31401.0,6479.0,61273.0,259.0,31107.0
0.039,760.0,67078.0,1103.0,30298.0,125.0,67713.0,0.0,31401.0,6320.0,61432.0,253.0,31113.0
0.038,710.0,67128.0,1059.0,30342.0,118.0,67720.0,0.0,31401.0,6167.0,61585.0,249.0,31117.0
0.037,670.0,67168.0,1013.0,30388.0,107.0,67731.0,0.0,31401.0,6034.0,61718.0,243.0,31123.0
0.036,630.0,67208.0,967.0,30434.0,104.0,67734.0,0.0,31401.0,5905.0,61847.0,238.0,31128.0
0.035,589.0,67249.0,923.0,30478.0,98.0,67740.0,0.0,31401.0,5758.0,61994.0,234.0,31132.0
0.034,553.0,67285.0,876.0,30525.0,92.0,67746.0,0.0,31401.0,5629.0,62123.0,227.0,31139.0
0.033,527.0,67311.0,825.0,30576.0,86.0,67752.0,0.0,31401.0,5495.0,62257.0,217.0,31149.0
0.032,499.0,67339.0,778.0,30623.0,75.0,67763.0,0.0,31401.0,5369.0,62383.0,214.0,31152.0
0.031,477.0,67361.0,737.0,30664.0,70.0,67768.0,0.0,31401.0,5263.0,62489.0,208.0,31158.0
0.03,447.0,67391.0,694.0,30707.0,62.0,67776.0,0.0,31401.0,5122.0,62630.0,204.0,31162.0
0.029,417.0,67421.0,660.0,30741.0,50.0,67788.0,0.0,31401.0,4992.0,62760.0,198.0,31168.0
0.028,383.0,67455.0,607.0,30794.0,,,,,4863.0,62889.0,194.0,31172.0
0.027,345.0,67493.0,564.0,30837.0,45.0,67793.0,0.0,31401.0,4733.0,63019.0,191.0,31175.0
0.026,324.0,67514.0,520.0,30881.0,41.0,67797.0,0.0,31401.0,4590.0,63162.0,186.0,31180.0
0.025,302.0,67536.0,480.0,30921.0,37.0,67801.0,0.0,31401.0,4446.0,63306.0,176.0,31190.0
0.024,271.0,67567.0,446.0,30955.0,36.0,67802.0,0.0,31401.0,4291.0,63461.0,173.0,31193.0
0.023,246.0,67592.0,418.0,30983.0,34.0,67804.0,0.0,31401.0,4154.0,63598.0,163.0,31203.0
0.022,219.0,67619.0,383.0,31018.0,32.0,67806.0,0.0,31401.0,4032.0,63720.0,155.0,31211.0
0.021,195.0,67643.0,350.0,31051.0,31.0,67807.0,0.0,31401.0,3900.0,63852.0,143.0,31223.0
0.02,170.0,67668.0,315.0,31086.0,27.0,67811.0,0.0,31401.0,3774.0,63978.0,135.0,31231.0
0.019,152.0,67686.0,276.0,31125.0,25.0,67813.0,0.0,31401.0,3637.0,64115.0,128.0,31238.0
0.018,134.0,67704.0,247.0,31154.0,22.0,67816.0,0.0,31401.0,3503.0,64249.0,123.0,31243.0
0.017,119.0,67719.0,223.0,31178.0,20.0,67818.0,0.0,31401.0,3390.0,64362.0,114.0,31252.0
0.016,110.0,67728.0,197.0,31204.0,16.0,67822.0,0.0,31401.0,3276.0,64476.0,112.0,31254.0
0.015,94.0,67744.0,180.0,31221.0,14.0,67824.0,0.0,31401.0,3162.0,64590.0,105.0,31261.0
0.014,80.0,67758.0,145.0,31256.0,10.0,67828.0,0.0,31401.0,3047.0,64705.0,99.0,31267.0
0.013,74.0,67764.0,118.0,31283.0,,,,,2912.0,64840.0,95.0,31271.0
0.012,59.0,67779.0,97.0,31304.0,,,,,2783.0,64969.0,83.0,31283.0
0.011,48.0,67790.0,75.0,31326.0,,,,,2649.0,65103.0,81.0,31285.0
0.01,41.0,67797.0,57.0,31344.0,9.0,67829.0,0.0,31401.0,2508.0,65244.0,75.0,31291.0
0.009,31.0,67807.0,28.0,31373.0,7.0,67831.0,0.0,31401.0,2374.0,65378.0,70.0,31296.0
0.008,19.0,67819.0,12.0,31389.0,,,,,2249.0,65503.0,61.0,31305.0
0.007,11.0,67827.0,8.0,31393.0,,,,,2105.0,65647.0,54.0,31312.0
0.006,8.0,67830.0,5.0,31396.0,,,,,1918.0,65834.0,48.0,31318.0
0.005,3.0,67835.0,1.0,31400.0,,,,,1735.0,66017.0,40.0,31326.0
0.004,0.0,67838.0,0.0,31401.0,1.0,67837.0,0.0,31401.0,1560.0,66192.0,36.0,31330.0
0.003,,,,,0.0,67838.0,0.0,31401.0,1342.0,66410.0,25.0,31341.0
0.002,,,,,,,,,1072.0,66680.0,17.0,31349.0
0.001,,,,,,,,,586.0,67166.0,1.0,31365.0
0.0,,,,,,,,,0.0,67752.0,0.0,31366.0
