predictor,LIPNet,LIPNet,AlphaFold-rsa,AlphaFold-rsa,AIUPred,AIUPred
auc,0.526,0.526,0.95,0.95,0.899,0.899
metric,fpr,tpr,fpr,tpr,fpr,tpr
1.999,0.0,0.0,,,,
1.997,,,,,0.0,0.0
1.971,,,0.0,0.0,,
0.999,0.0,0.0,,,,
0.998,0.001,0.001,,,,
0.997,0.001,0.003,,,0.0,0.001
0.996,0.002,0.004,,,0.0,0.003
0.995,0.003,0.006,,,0.0,0.004
0.994,0.003,0.008,,,0.0,0.006
0.993,0.004,0.01,,,0.0,0.007
0.992,0.005,0.012,,,0.0,0.009
0.991,0.006,0.014,,,0.0,0.01
0.99,0.006,0.016,,,0.0,0.011
0.989,0.007,0.017,,,0.0,0.012
0.988,0.008,0.019,,,0.0,0.013
0.987,0.009,0.021,,,0.0,0.014
0.986,0.01,0.024,,,0.0,0.017
0.985,0.011,0.026,,,0.0,0.019
0.984,0.012,0.028,,,0.0,0.02
0.983,0.013,0.03,,,0.0,0.022
0.982,0.014,0.032,,,0.0,0.025
0.981,0.014,0.034,,,0.0,0.028
0.98,0.016,0.036,,,0.0,0.03
0.979,0.017,0.038,,,0.0,0.034
0.978,0.018,0.041,,,0.0,0.038
0.977,0.019,0.043,,,0.0,0.041
0.976,0.02,0.044,,,0.0,0.045
0.975,0.021,0.046,,,0.0,0.047
0.974,0.022,0.048,,,0.0,0.05
0.973,0.023,0.05,,,0.0,0.054
0.972,0.024,0.052,,,0.0,0.056
0.971,0.025,0.055,0.0,0.0,0.0,0.059
0.97,0.027,0.056,0.0,0.0,0.0,0.062
0.969,0.028,0.058,0.0,0.0,0.001,0.065
0.968,0.029,0.06,0.0,0.0,0.001,0.069
0.967,0.03,0.061,,,0.001,0.072
0.966,0.031,0.063,,,0.001,0.075
0.965,0.032,0.065,,,0.001,0.078
0.964,0.033,0.067,0.0,0.0,0.001,0.082
0.963,0.034,0.068,0.0,0.0,0.001,0.086
0.962,0.035,0.07,0.0,0.0,0.001,0.09
0.961,0.036,0.072,0.0,0.001,0.001,0.094
0.96,0.038,0.074,0.0,0.001,0.001,0.098
0.959,0.039,0.076,0.0,0.001,0.001,0.103
0.958,0.04,0.078,0.0,0.001,0.001,0.106
0.957,0.041,0.079,0.0,0.001,0.001,0.11
0.956,0.042,0.081,0.0,0.001,0.001,0.114
0.955,0.043,0.083,0.0,0.001,0.001,0.118
0.954,0.045,0.084,0.0,0.002,0.001,0.121
0.953,0.046,0.086,0.0,0.002,0.001,0.125
0.952,0.047,0.087,0.0,0.003,0.001,0.129
0.951,0.048,0.089,0.0,0.003,0.001,0.133
0.95,0.049,0.091,0.0,0.004,0.001,0.136
0.949,0.05,0.092,0.0,0.004,0.001,0.141
0.948,0.051,0.094,0.0,0.004,0.001,0.145
0.947,0.052,0.095,0.0,0.005,0.001,0.149
0.946,0.053,0.097,0.0,0.006,0.001,0.154
0.945,0.054,0.099,0.0,0.006,0.001,0.158
0.944,0.055,0.1,0.0,0.007,0.001,0.162
0.943,0.056,0.102,0.0,0.008,0.001,0.166
0.942,0.057,0.103,0.0,0.008,0.001,0.17
0.941,0.058,0.105,0.0,0.009,0.001,0.174
0.94,0.059,0.106,0.0,0.01,0.001,0.178
0.939,0.06,0.108,0.0,0.011,0.001,0.182
0.938,0.061,0.109,0.0,0.012,0.001,0.186
0.937,0.062,0.111,0.0,0.014,0.001,0.19
0.936,0.063,0.112,0.0,0.014,0.001,0.195
0.935,0.065,0.114,0.0,0.016,0.001,0.199
0.934,0.066,0.115,0.0,0.017,0.001,0.204
0.933,0.067,0.117,0.0,0.019,0.001,0.208
0.932,0.068,0.118,0.0,0.021,0.001,0.213
0.931,0.069,0.12,0.0,0.022,0.001,0.217
0.93,0.07,0.121,0.0,0.024,0.001,0.221
0.929,0.071,0.122,0.0,0.026,0.001,0.226
0.928,0.072,0.124,0.0,0.028,0.001,0.23
0.927,0.073,0.125,0.0,0.031,0.001,0.235
0.926,0.074,0.127,0.0,0.032,0.001,0.239
0.925,0.075,0.128,0.0,0.035,0.002,0.243
0.924,0.077,0.129,0.0,0.038,0.002,0.247
0.923,0.077,0.131,0.0,0.042,0.002,0.252
0.922,0.078,0.132,0.0,0.045,0.002,0.256
0.921,0.079,0.133,0.0,0.047,0.002,0.26
0.92,0.08,0.135,0.0,0.051,0.002,0.264
0.919,0.081,0.136,0.0,0.054,0.002,0.268
0.918,0.082,0.138,0.0,0.058,0.002,0.272
0.917,0.084,0.139,0.0,0.061,0.002,0.275
0.916,0.085,0.14,0.0,0.064,0.002,0.279
0.915,0.086,0.142,0.0,0.068,0.002,0.283
0.914,0.087,0.143,0.0,0.072,0.002,0.287
0.913,0.088,0.145,0.001,0.077,0.002,0.291
0.912,0.089,0.146,0.001,0.08,0.002,0.295
0.911,0.09,0.148,0.001,0.085,0.002,0.298
0.91,0.091,0.149,0.001,0.09,0.002,0.302
0.909,0.092,0.15,0.001,0.095,0.002,0.305
0.908,0.093,0.151,0.001,0.099,0.002,0.309
0.907,0.094,0.153,0.001,0.104,0.002,0.313
0.906,0.095,0.154,0.001,0.109,0.002,0.317
0.905,0.096,0.155,0.001,0.114,0.002,0.321
0.904,0.097,0.157,0.001,0.12,0.002,0.324
0.903,0.098,0.159,0.001,0.124,0.002,0.327
0.902,0.099,0.16,0.002,0.129,0.002,0.331
0.901,0.1,0.162,0.002,0.135,0.002,0.334
0.9,0.101,0.163,0.002,0.14,0.003,0.338
0.899,0.102,0.164,0.002,0.146,0.003,0.341
0.898,0.103,0.165,0.002,0.151,0.003,0.344
0.897,0.104,0.167,0.002,0.157,0.003,0.347
0.896,0.105,0.167,0.002,0.163,0.003,0.35
0.895,0.106,0.169,0.002,0.17,0.003,0.353
0.894,0.107,0.17,0.002,0.176,0.003,0.356
0.893,0.108,0.171,0.002,0.182,0.003,0.359
0.892,0.109,0.172,0.002,0.188,0.003,0.361
0.891,0.11,0.174,0.002,0.194,0.003,0.364
0.89,0.111,0.175,0.002,0.2,0.003,0.366
0.889,0.112,0.176,0.002,0.206,0.003,0.37
0.888,0.113,0.178,0.002,0.212,0.003,0.372
0.887,0.114,0.179,0.002,0.218,0.003,0.376
0.886,0.115,0.18,0.002,0.223,0.003,0.378
0.885,0.116,0.181,0.002,0.228,0.003,0.381
0.884,0.117,0.182,0.002,0.233,0.003,0.383
0.883,0.118,0.183,0.002,0.238,0.003,0.386
0.882,0.119,0.184,0.002,0.244,0.003,0.388
0.881,0.12,0.185,0.002,0.249,0.003,0.392
0.88,0.121,0.186,0.002,0.254,0.003,0.395
0.879,0.122,0.188,0.002,0.259,0.003,0.397
0.878,0.123,0.188,0.002,0.263,0.004,0.399
0.877,0.124,0.19,0.002,0.268,0.004,0.402
0.876,0.125,0.191,0.002,0.274,0.004,0.404
0.875,0.125,0.192,0.002,0.278,0.004,0.407
0.874,0.126,0.193,0.002,0.283,0.004,0.409
0.873,0.127,0.194,0.002,0.287,0.004,0.412
0.872,0.128,0.195,0.002,0.292,0.004,0.414
0.871,0.129,0.196,0.002,0.296,0.004,0.416
0.87,0.13,0.198,0.002,0.301,0.004,0.419
0.869,0.131,0.199,0.002,0.306,0.004,0.42
0.868,0.132,0.2,0.002,0.31,0.004,0.423
0.867,0.133,0.201,0.003,0.315,0.004,0.426
0.866,0.134,0.202,0.003,0.319,0.004,0.428
0.865,0.135,0.203,0.003,0.323,0.004,0.43
0.864,0.136,0.204,0.003,0.328,0.005,0.432
0.863,0.137,0.205,0.003,0.332,0.005,0.435
0.862,0.138,0.206,0.003,0.336,0.005,0.437
0.861,0.139,0.207,0.003,0.341,0.005,0.439
0.86,0.14,0.208,0.003,0.345,0.005,0.441
0.859,0.141,0.209,0.003,0.349,0.005,0.443
0.858,0.142,0.21,0.003,0.354,0.005,0.444
0.857,0.143,0.211,0.003,0.358,0.005,0.447
0.856,0.144,0.213,0.003,0.361,0.005,0.448
0.855,0.145,0.214,0.003,0.364,0.006,0.45
0.854,0.146,0.215,0.003,0.368,0.006,0.452
0.853,0.147,0.216,0.003,0.37,0.006,0.454
0.852,0.148,0.217,0.003,0.374,0.006,0.456
0.851,0.149,0.218,0.003,0.377,0.006,0.458
0.85,0.15,0.219,0.003,0.38,0.006,0.46
0.849,0.151,0.22,0.003,0.383,0.006,0.462
0.848,0.151,0.221,0.003,0.386,0.006,0.464
0.847,0.152,0.222,0.003,0.389,0.006,0.466
0.846,0.153,0.223,0.003,0.391,0.006,0.468
0.845,0.154,0.224,0.003,0.394,0.007,0.471
0.844,0.155,0.225,0.003,0.396,0.007,0.473
0.843,0.156,0.227,0.003,0.399,0.007,0.474
0.842,0.157,0.228,0.003,0.402,0.007,0.476
0.841,0.157,0.229,0.003,0.404,0.007,0.478
0.84,0.158,0.23,0.003,0.407,0.007,0.48
0.839,0.159,0.231,0.003,0.409,0.007,0.482
0.838,0.16,0.232,0.003,0.412,0.007,0.484
0.837,0.161,0.233,0.003,0.414,0.008,0.486
0.836,0.162,0.234,0.003,0.416,0.008,0.488
0.835,0.163,0.235,0.003,0.419,0.008,0.49
0.834,0.164,0.235,0.003,0.421,0.008,0.491
0.833,0.164,0.237,0.003,0.424,0.008,0.493
0.832,0.165,0.238,0.003,0.427,0.008,0.495
0.831,0.166,0.239,0.003,0.429,0.009,0.496
0.83,0.167,0.24,0.003,0.431,0.009,0.498
0.829,0.168,0.241,0.003,0.433,0.009,0.5
0.828,0.169,0.242,0.003,0.435,0.009,0.502
0.827,0.17,0.243,0.003,0.437,0.009,0.503
0.826,0.171,0.244,0.003,0.439,0.009,0.505
0.825,0.172,0.244,0.003,0.441,0.009,0.507
0.824,0.173,0.245,0.003,0.443,0.01,0.508
0.823,0.174,0.246,0.003,0.445,0.01,0.51
0.822,0.175,0.247,0.003,0.447,0.01,0.512
0.821,0.175,0.248,0.003,0.449,0.01,0.513
0.82,0.176,0.25,0.003,0.451,0.01,0.515
0.819,0.177,0.25,0.003,0.453,0.01,0.516
0.818,0.178,0.251,0.004,0.455,0.011,0.518
0.817,0.179,0.252,0.004,0.457,0.011,0.52
0.816,0.18,0.254,0.004,0.459,0.011,0.521
0.815,0.181,0.255,0.004,0.461,0.011,0.523
0.814,0.182,0.256,0.004,0.463,0.011,0.525
0.813,0.183,0.257,0.004,0.465,0.011,0.526
0.812,0.184,0.258,0.004,0.467,0.012,0.528
0.811,0.184,0.259,0.004,0.468,0.012,0.53
0.81,0.185,0.26,0.004,0.47,0.012,0.531
0.809,0.186,0.261,0.004,0.472,0.012,0.533
0.808,0.187,0.262,0.004,0.474,0.012,0.535
0.807,0.188,0.263,0.004,0.476,0.012,0.536
0.806,0.189,0.263,0.004,0.478,0.013,0.538
0.805,0.19,0.264,0.004,0.48,0.013,0.54
0.804,0.19,0.266,0.004,0.482,0.013,0.541
0.803,0.191,0.267,0.004,0.484,0.013,0.543
0.802,0.192,0.268,0.004,0.486,0.013,0.544
0.801,0.193,0.269,0.004,0.487,0.013,0.546
0.8,0.194,0.27,0.004,0.489,0.014,0.547
0.799,0.195,0.271,0.004,0.49,0.014,0.549
0.798,0.196,0.272,0.004,0.492,0.014,0.55
0.797,0.196,0.273,0.004,0.494,0.014,0.552
0.796,0.197,0.273,0.004,0.496,0.015,0.553
0.795,0.198,0.274,0.004,0.497,0.015,0.555
0.794,0.199,0.275,0.004,0.499,0.015,0.557
0.793,0.2,0.276,0.005,0.501,0.015,0.559
0.792,0.201,0.277,0.005,0.502,0.016,0.56
0.791,0.202,0.278,0.005,0.504,0.016,0.562
0.79,0.203,0.279,0.005,0.505,0.016,0.563
0.789,0.204,0.28,0.005,0.507,0.016,0.565
0.788,0.205,0.281,0.005,0.509,0.017,0.567
0.787,0.206,0.282,0.005,0.51,0.017,0.569
0.786,0.207,0.283,0.005,0.512,0.017,0.57
0.785,0.208,0.284,0.005,0.513,0.017,0.572
0.784,0.209,0.284,0.005,0.515,0.018,0.573
0.783,0.21,0.285,0.005,0.516,0.018,0.575
0.782,0.21,0.286,0.005,0.518,0.018,0.577
0.781,0.211,0.287,0.005,0.52,0.018,0.578
0.78,0.212,0.288,0.005,0.521,0.019,0.58
0.779,0.213,0.288,0.005,0.523,0.019,0.581
0.778,0.214,0.289,0.005,0.524,0.019,0.582
0.777,0.215,0.291,0.005,0.526,0.019,0.584
0.776,0.216,0.291,0.005,0.528,0.02,0.586
0.775,0.217,0.292,0.005,0.53,0.02,0.587
0.774,0.217,0.293,0.005,0.532,0.02,0.589
0.773,0.218,0.294,0.005,0.533,0.02,0.59
0.772,0.219,0.295,0.005,0.535,0.021,0.592
0.771,0.22,0.296,0.005,0.537,0.021,0.594
0.77,0.221,0.297,0.005,0.538,0.021,0.595
0.769,0.222,0.298,0.005,0.54,0.021,0.596
0.768,0.222,0.299,0.006,0.541,0.022,0.598
0.767,0.223,0.3,0.006,0.542,0.022,0.599
0.766,0.224,0.3,0.006,0.544,0.022,0.6
0.765,0.225,0.301,0.006,0.546,0.023,0.602
0.764,0.226,0.303,0.006,0.548,0.023,0.604
0.763,0.227,0.304,0.006,0.549,0.024,0.605
0.762,0.228,0.304,0.006,0.551,0.024,0.607
0.761,0.229,0.305,0.006,0.552,0.024,0.608
0.76,0.23,0.306,0.006,0.554,0.024,0.609
0.759,0.23,0.307,0.006,0.555,0.025,0.611
0.758,0.231,0.308,0.006,0.557,0.025,0.612
0.757,0.232,0.309,0.006,0.559,0.025,0.613
0.756,0.233,0.309,0.006,0.561,0.026,0.615
0.755,0.234,0.31,0.006,0.562,0.026,0.616
0.754,0.235,0.311,0.006,0.563,0.026,0.617
0.753,0.236,0.312,0.006,0.565,0.026,0.618
0.752,0.237,0.314,0.006,0.566,0.027,0.62
0.751,0.238,0.314,0.006,0.568,0.027,0.621
0.75,0.238,0.315,0.006,0.569,0.027,0.622
0.749,0.239,0.316,0.006,0.57,0.028,0.623
0.748,0.24,0.317,0.007,0.571,0.028,0.624
0.747,0.241,0.318,0.007,0.572,0.028,0.626
0.746,0.242,0.318,0.007,0.574,0.029,0.627
0.745,0.243,0.319,0.007,0.575,0.029,0.629
0.744,0.244,0.32,0.007,0.577,0.029,0.63
0.743,0.245,0.321,0.007,0.578,0.029,0.632
0.742,0.245,0.322,0.007,0.58,0.03,0.633
0.741,0.246,0.323,0.007,0.581,0.03,0.634
0.74,0.247,0.323,0.007,0.582,0.031,0.636
0.739,0.248,0.324,0.007,0.584,0.031,0.637
0.738,0.249,0.325,0.007,0.585,0.031,0.638
0.737,0.25,0.326,0.007,0.587,0.031,0.639
0.736,0.251,0.327,0.007,0.588,0.032,0.64
0.735,0.251,0.327,0.007,0.59,0.032,0.641
0.734,0.252,0.328,0.007,0.591,0.033,0.642
0.733,0.253,0.329,0.007,0.592,0.033,0.644
0.732,0.254,0.33,0.007,0.593,0.033,0.645
0.731,0.255,0.331,0.007,0.595,0.033,0.646
0.73,0.256,0.332,0.008,0.596,0.034,0.647
0.729,0.257,0.333,0.008,0.597,0.034,0.648
0.728,0.257,0.333,0.008,0.598,0.034,0.649
0.727,0.258,0.334,0.008,0.599,0.035,0.651
0.726,0.259,0.335,0.008,0.6,0.035,0.652
0.725,0.26,0.336,0.008,0.601,0.035,0.653
0.724,0.261,0.337,0.008,0.603,0.036,0.654
0.723,0.262,0.337,0.008,0.604,0.036,0.655
0.722,0.263,0.338,0.008,0.605,0.036,0.656
0.721,0.263,0.339,0.008,0.607,0.037,0.657
0.72,0.264,0.34,0.008,0.608,0.037,0.658
0.719,0.265,0.341,0.008,0.609,0.038,0.659
0.718,0.266,0.342,0.008,0.61,0.038,0.66
0.717,0.266,0.343,0.008,0.612,0.039,0.661
0.716,0.267,0.344,0.009,0.613,0.039,0.662
0.715,0.268,0.345,0.009,0.615,0.039,0.663
0.714,0.269,0.345,0.009,0.616,0.04,0.664
0.713,0.27,0.346,0.009,0.617,0.04,0.665
0.712,0.271,0.347,0.009,0.619,0.041,0.666
0.711,0.272,0.348,0.009,0.621,0.041,0.667
0.71,0.272,0.349,0.009,0.622,0.042,0.668
0.709,0.273,0.349,0.009,0.623,0.042,0.669
0.708,0.274,0.351,0.009,0.625,0.043,0.67
0.707,0.275,0.351,0.009,0.626,0.043,0.67
0.706,0.276,0.352,0.009,0.627,0.044,0.671
0.705,0.277,0.352,0.009,0.628,0.044,0.672
0.704,0.278,0.353,0.009,0.63,0.044,0.673
0.703,0.279,0.354,0.009,0.631,0.045,0.674
0.702,0.279,0.355,0.01,0.633,0.045,0.675
0.701,0.28,0.355,0.01,0.634,0.046,0.676
0.7,0.281,0.356,0.01,0.635,0.046,0.677
0.699,0.282,0.357,0.01,0.636,0.046,0.678
0.698,0.283,0.357,0.01,0.638,0.047,0.679
0.697,0.284,0.358,0.01,0.639,0.047,0.68
0.696,0.285,0.359,0.01,0.641,0.048,0.681
0.695,0.286,0.36,0.01,0.642,0.048,0.682
0.694,0.287,0.361,0.011,0.644,0.049,0.683
0.693,0.288,0.362,0.011,0.645,0.049,0.684
0.692,0.288,0.362,0.011,0.646,0.05,0.685
0.691,0.29,0.363,0.011,0.647,0.05,0.686
0.69,0.29,0.364,0.011,0.648,0.051,0.686
0.689,0.291,0.365,0.011,0.65,0.051,0.687
0.688,0.292,0.365,0.011,0.651,0.052,0.688
0.687,0.293,0.366,0.011,0.652,0.052,0.689
0.686,0.294,0.367,0.012,0.654,0.053,0.69
0.685,0.294,0.368,0.012,0.655,0.053,0.69
0.684,0.295,0.368,0.012,0.656,0.054,0.691
0.683,0.296,0.369,0.012,0.658,0.054,0.692
0.682,0.297,0.37,0.012,0.66,0.055,0.693
0.681,0.298,0.371,0.012,0.661,0.055,0.694
0.68,0.299,0.371,0.012,0.662,0.056,0.694
0.679,0.299,0.372,0.012,0.663,0.056,0.695
0.678,0.3,0.373,0.012,0.665,0.057,0.696
0.677,0.301,0.374,0.013,0.666,0.057,0.697
0.676,0.302,0.374,0.013,0.667,0.058,0.698
0.675,0.303,0.375,0.013,0.668,0.059,0.699
0.674,0.304,0.376,0.013,0.67,0.059,0.699
0.673,0.304,0.376,0.013,0.671,0.06,0.7
0.672,0.305,0.377,0.013,0.672,0.06,0.701
0.671,0.306,0.378,0.014,0.673,0.061,0.702
0.67,0.307,0.379,0.014,0.674,0.061,0.703
0.669,0.308,0.379,0.014,0.676,0.062,0.704
0.668,0.309,0.38,0.014,0.677,0.062,0.704
0.667,0.309,0.381,0.014,0.678,0.063,0.705
0.666,0.31,0.381,0.014,0.679,0.063,0.706
0.665,0.311,0.382,0.014,0.68,0.064,0.707
0.664,0.312,0.383,0.014,0.681,0.064,0.708
0.663,0.312,0.384,0.015,0.682,0.065,0.709
0.662,0.313,0.385,0.015,0.684,0.065,0.71
0.661,0.314,0.386,0.015,0.685,0.066,0.71
0.66,0.315,0.387,0.015,0.686,0.066,0.711
0.659,0.316,0.388,0.015,0.688,0.067,0.712
0.658,0.317,0.388,0.015,0.689,0.068,0.713
0.657,0.318,0.389,0.016,0.69,0.068,0.714
0.656,0.319,0.39,0.016,0.692,0.069,0.714
0.655,0.32,0.391,0.016,0.693,0.069,0.715
0.654,0.321,0.392,0.016,0.694,0.07,0.716
0.653,0.322,0.393,0.016,0.696,0.071,0.717
0.652,0.322,0.394,0.016,0.697,0.071,0.717
0.651,0.323,0.394,0.016,0.698,0.072,0.718
0.65,0.324,0.395,0.017,0.7,0.072,0.719
0.649,0.325,0.396,0.017,0.701,0.073,0.72
0.648,0.326,0.397,0.017,0.702,0.074,0.72
0.647,0.327,0.398,0.017,0.703,0.074,0.721
0.646,0.328,0.398,0.017,0.704,0.075,0.722
0.645,0.328,0.399,0.017,0.705,0.075,0.723
0.644,0.329,0.4,0.017,0.707,0.076,0.723
0.643,0.33,0.401,0.018,0.708,0.077,0.724
0.642,0.331,0.402,0.018,0.709,0.078,0.725
0.641,0.332,0.403,0.018,0.71,0.078,0.725
0.64,0.333,0.404,0.018,0.711,0.079,0.726
0.639,0.334,0.405,0.018,0.712,0.079,0.727
0.638,0.334,0.406,0.019,0.713,0.08,0.728
0.637,0.335,0.407,0.019,0.715,0.08,0.728
0.636,0.336,0.408,0.019,0.716,0.081,0.729
0.635,0.337,0.408,0.019,0.717,0.082,0.73
0.634,0.338,0.409,0.019,0.718,0.082,0.73
0.633,0.339,0.41,0.019,0.719,0.083,0.731
0.632,0.34,0.411,0.02,0.72,0.083,0.732
0.631,0.34,0.412,0.02,0.721,0.084,0.733
0.63,0.341,0.413,0.02,0.723,0.084,0.734
0.629,0.342,0.414,0.02,0.724,0.085,0.734
0.628,0.343,0.414,0.02,0.725,0.086,0.735
0.627,0.344,0.415,0.02,0.726,0.086,0.736
0.626,0.345,0.416,0.021,0.728,0.087,0.736
0.625,0.346,0.417,0.021,0.729,0.087,0.737
0.624,0.347,0.417,0.021,0.73,0.088,0.738
0.623,0.348,0.418,0.021,0.732,0.088,0.738
0.622,0.348,0.419,0.022,0.733,0.089,0.739
0.621,0.349,0.42,0.022,0.734,0.089,0.74
0.62,0.35,0.421,0.022,0.735,0.09,0.74
0.619,0.351,0.422,0.022,0.737,0.091,0.741
0.618,0.352,0.423,0.022,0.738,0.091,0.742
0.617,0.353,0.424,0.022,0.74,0.092,0.742
0.616,0.354,0.424,0.023,0.741,0.093,0.743
0.615,0.355,0.425,0.023,0.743,0.093,0.743
0.614,0.355,0.426,0.023,0.744,0.094,0.744
0.613,0.356,0.427,0.023,0.745,0.095,0.745
0.612,0.357,0.427,0.024,0.747,0.095,0.746
0.611,0.358,0.428,0.024,0.749,0.096,0.746
0.61,0.359,0.429,0.024,0.751,0.096,0.747
0.609,0.36,0.43,0.024,0.752,0.097,0.748
0.608,0.36,0.43,0.025,0.754,0.097,0.748
0.607,0.361,0.431,0.025,0.756,0.098,0.749
0.606,0.362,0.432,0.025,0.757,0.099,0.75
0.605,0.363,0.433,0.026,0.759,0.1,0.751
0.604,0.364,0.434,0.026,0.76,0.1,0.751
0.603,0.365,0.434,0.026,0.762,0.101,0.752
0.602,0.366,0.435,0.026,0.763,0.102,0.753
0.601,0.366,0.436,0.027,0.765,0.103,0.754
0.6,0.367,0.437,0.027,0.766,0.103,0.755
0.599,0.368,0.438,0.027,0.768,0.104,0.756
0.598,0.369,0.438,0.028,0.769,0.105,0.756
0.597,0.37,0.439,0.028,0.771,0.106,0.757
0.596,0.37,0.44,0.028,0.772,0.106,0.758
0.595,0.371,0.441,0.029,0.773,0.107,0.759
0.594,0.372,0.441,0.029,0.774,0.108,0.759
0.593,0.373,0.442,0.029,0.776,0.109,0.76
0.592,0.374,0.443,0.03,0.777,0.11,0.761
0.591,0.375,0.443,0.03,0.779,0.11,0.762
0.59,0.376,0.444,0.03,0.781,0.111,0.763
0.589,0.377,0.445,0.031,0.782,0.111,0.764
0.588,0.378,0.445,0.031,0.783,0.112,0.765
0.587,0.378,0.446,0.031,0.785,0.113,0.765
0.586,0.379,0.447,0.032,0.786,0.114,0.766
0.585,0.38,0.447,0.032,0.787,0.114,0.767
0.584,0.381,0.448,0.032,0.788,0.115,0.768
0.583,0.382,0.449,0.033,0.79,0.116,0.769
0.582,0.383,0.45,0.033,0.791,0.117,0.77
0.581,0.384,0.451,0.033,0.792,0.118,0.771
0.58,0.385,0.452,0.034,0.793,0.118,0.771
0.579,0.385,0.452,0.034,0.794,0.119,0.772
0.578,0.386,0.453,0.035,0.795,0.12,0.772
0.577,0.387,0.454,0.035,0.797,0.121,0.773
0.576,0.388,0.455,0.035,0.798,0.122,0.774
0.575,0.389,0.456,0.036,0.799,0.122,0.775
0.574,0.39,0.457,0.036,0.8,0.123,0.775
0.573,0.391,0.457,0.037,0.801,0.124,0.776
0.572,0.392,0.458,0.037,0.802,0.124,0.777
0.571,0.393,0.459,0.038,0.804,0.125,0.778
0.57,0.394,0.46,0.038,0.805,0.126,0.779
0.569,0.395,0.46,0.038,0.806,0.127,0.779
0.568,0.396,0.461,0.039,0.807,0.128,0.78
0.567,0.397,0.462,0.039,0.807,0.128,0.781
0.566,0.398,0.463,0.039,0.808,0.129,0.782
0.565,0.398,0.463,0.04,0.809,0.13,0.783
0.564,0.399,0.464,0.04,0.81,0.13,0.783
0.563,0.4,0.465,0.04,0.811,0.131,0.784
0.562,0.401,0.466,0.041,0.812,0.132,0.785
0.561,0.402,0.467,0.041,0.813,0.133,0.786
0.56,0.403,0.467,0.042,0.814,0.134,0.786
0.559,0.404,0.468,0.042,0.815,0.135,0.787
0.558,0.404,0.469,0.042,0.816,0.135,0.788
0.557,0.406,0.469,0.043,0.817,0.136,0.789
0.556,0.407,0.47,0.043,0.818,0.137,0.79
0.555,0.408,0.471,0.044,0.819,0.138,0.79
0.554,0.408,0.472,0.044,0.82,0.138,0.791
0.553,0.409,0.473,0.044,0.822,0.14,0.792
0.552,0.41,0.473,0.045,0.823,0.14,0.792
0.551,0.411,0.474,0.045,0.824,0.141,0.793
0.55,0.412,0.475,0.046,0.825,0.142,0.794
0.549,0.413,0.476,0.046,0.826,0.143,0.794
0.548,0.414,0.476,0.047,0.827,0.144,0.795
0.547,0.415,0.477,0.047,0.828,0.145,0.796
0.546,0.416,0.478,0.048,0.829,0.145,0.797
0.545,0.417,0.479,0.048,0.83,0.146,0.797
0.544,0.418,0.479,0.049,0.83,0.147,0.798
0.543,0.418,0.48,0.049,0.831,0.148,0.799
0.542,0.419,0.48,0.05,0.832,0.149,0.8
0.541,0.42,0.481,0.05,0.833,0.15,0.8
0.54,0.421,0.482,0.051,0.833,0.151,0.801
0.539,0.422,0.483,0.051,0.834,0.151,0.802
0.538,0.423,0.484,0.051,0.835,0.153,0.802
0.537,0.424,0.484,0.052,0.836,0.153,0.803
0.536,0.425,0.485,0.052,0.836,0.154,0.804
0.535,0.426,0.486,0.053,0.837,0.155,0.804
0.534,0.427,0.486,0.053,0.838,0.156,0.805
0.533,0.428,0.487,0.054,0.839,0.157,0.805
0.532,0.428,0.488,0.055,0.839,0.157,0.806
0.531,0.429,0.489,0.055,0.84,0.158,0.807
0.53,0.43,0.49,0.056,0.841,0.159,0.807
0.529,0.431,0.491,0.056,0.841,0.16,0.807
0.528,0.432,0.491,0.057,0.842,0.161,0.808
0.527,0.433,0.492,0.057,0.843,0.162,0.809
0.526,0.434,0.493,0.058,0.843,0.162,0.809
0.525,0.435,0.494,0.058,0.844,0.163,0.81
0.524,0.436,0.494,0.059,0.845,0.164,0.811
0.523,0.436,0.496,0.059,0.845,0.166,0.812
0.522,0.438,0.496,0.06,0.846,0.166,0.812
0.521,0.439,0.497,0.06,0.847,0.167,0.813
0.52,0.439,0.498,0.061,0.847,0.168,0.813
0.519,0.44,0.498,0.061,0.848,0.169,0.814
0.518,0.441,0.499,0.062,0.849,0.17,0.815
0.517,0.442,0.5,0.063,0.849,0.171,0.815
0.516,0.443,0.501,0.063,0.85,0.172,0.816
0.515,0.444,0.501,0.064,0.851,0.173,0.817
0.514,0.445,0.502,0.064,0.852,0.174,0.817
0.513,0.446,0.503,0.065,0.852,0.174,0.818
0.512,0.447,0.503,0.065,0.853,0.175,0.818
0.511,0.448,0.504,0.066,0.854,0.176,0.819
0.51,0.449,0.505,0.067,0.854,0.177,0.82
0.509,0.45,0.506,0.067,0.855,0.178,0.82
0.508,0.451,0.507,0.068,0.856,0.179,0.821
0.507,0.452,0.507,0.069,0.856,0.18,0.821
0.506,0.453,0.508,0.07,0.857,0.181,0.822
0.505,0.454,0.509,0.07,0.858,0.182,0.823
0.504,0.455,0.509,0.071,0.858,0.183,0.823
0.503,0.456,0.51,0.072,0.859,0.184,0.824
0.502,0.456,0.511,0.072,0.859,0.185,0.824
0.501,0.458,0.512,0.073,0.86,0.186,0.825
0.5,0.458,0.513,0.074,0.861,0.187,0.825
0.499,0.459,0.514,0.074,0.861,0.188,0.826
0.498,0.46,0.514,0.075,0.862,0.189,0.827
0.497,0.461,0.515,0.076,0.863,0.19,0.827
0.496,0.462,0.516,0.076,0.864,0.191,0.828
0.495,0.464,0.517,0.077,0.864,0.192,0.828
0.494,0.465,0.517,0.078,0.865,0.193,0.829
0.493,0.466,0.518,0.078,0.866,0.194,0.83
0.492,0.467,0.519,0.079,0.866,0.195,0.831
0.491,0.467,0.52,0.08,0.867,0.196,0.831
0.49,0.468,0.52,0.081,0.867,0.196,0.832
0.489,0.469,0.521,0.082,0.868,0.198,0.832
0.488,0.47,0.522,0.082,0.869,0.199,0.833
0.487,0.471,0.522,0.083,0.869,0.199,0.833
0.486,0.472,0.523,0.084,0.87,0.201,0.834
0.485,0.473,0.524,0.084,0.87,0.202,0.834
0.484,0.474,0.525,0.085,0.871,0.203,0.835
0.483,0.475,0.525,0.086,0.871,0.204,0.835
0.482,0.476,0.526,0.087,0.872,0.205,0.836
0.481,0.477,0.527,0.087,0.873,0.206,0.836
0.48,0.478,0.528,0.088,0.873,0.207,0.837
0.479,0.479,0.529,0.089,0.874,0.208,0.838
0.478,0.48,0.529,0.09,0.875,0.209,0.838
0.477,0.481,0.53,0.091,0.876,0.21,0.839
0.476,0.483,0.531,0.092,0.876,0.211,0.839
0.475,0.484,0.532,0.093,0.877,0.212,0.84
0.474,0.485,0.533,0.094,0.878,0.213,0.84
0.473,0.486,0.534,0.095,0.878,0.214,0.841
0.472,0.487,0.534,0.095,0.879,0.215,0.841
0.471,0.488,0.535,0.096,0.879,0.216,0.842
0.47,0.489,0.536,0.097,0.88,0.217,0.843
0.469,0.49,0.537,0.098,0.881,0.218,0.843
0.468,0.491,0.537,0.099,0.881,0.219,0.844
0.467,0.491,0.538,0.1,0.882,0.22,0.845
0.466,0.492,0.538,0.101,0.882,0.221,0.845
0.465,0.493,0.539,0.102,0.883,0.222,0.846
0.464,0.494,0.54,0.103,0.884,0.224,0.846
0.463,0.495,0.541,0.104,0.884,0.225,0.847
0.462,0.497,0.541,0.105,0.885,0.226,0.847
0.461,0.498,0.542,0.106,0.886,0.227,0.848
0.46,0.499,0.543,0.107,0.886,0.228,0.848
0.459,0.5,0.543,0.108,0.887,0.229,0.849
0.458,0.501,0.544,0.11,0.888,0.23,0.849
0.457,0.502,0.545,0.111,0.889,0.231,0.85
0.456,0.503,0.546,0.112,0.889,0.231,0.85
0.455,0.504,0.546,0.113,0.89,0.232,0.851
0.454,0.505,0.547,0.114,0.89,0.233,0.851
0.453,0.506,0.548,0.116,0.891,0.234,0.852
0.452,0.507,0.549,0.117,0.892,0.235,0.852
0.451,0.508,0.55,0.118,0.893,0.236,0.853
0.45,0.509,0.551,0.12,0.893,0.237,0.853
0.449,0.51,0.551,0.121,0.894,0.238,0.854
0.448,0.511,0.552,0.122,0.895,0.239,0.854
0.447,0.512,0.553,0.123,0.895,0.24,0.855
0.446,0.513,0.553,0.124,0.896,0.241,0.855
0.445,0.513,0.554,0.126,0.897,0.243,0.856
0.444,0.514,0.555,0.127,0.897,0.244,0.856
0.443,0.515,0.555,0.128,0.898,0.245,0.857
0.442,0.516,0.556,0.13,0.899,0.246,0.857
0.441,0.518,0.557,0.131,0.899,0.247,0.858
0.44,0.519,0.558,0.133,0.9,0.248,0.858
0.439,0.52,0.558,0.134,0.901,0.25,0.858
0.438,0.521,0.559,0.136,0.901,0.251,0.859
0.437,0.522,0.56,0.137,0.902,0.252,0.859
0.436,0.523,0.561,0.139,0.902,0.253,0.86
0.435,0.524,0.562,0.14,0.903,0.254,0.86
0.434,0.525,0.563,0.142,0.903,0.255,0.861
0.433,0.526,0.564,0.143,0.904,0.256,0.862
0.432,0.527,0.565,0.145,0.904,0.257,0.862
0.431,0.528,0.565,0.147,0.905,0.258,0.862
0.43,0.529,0.566,0.148,0.905,0.26,0.863
0.429,0.53,0.566,0.15,0.906,0.261,0.863
0.428,0.531,0.567,0.152,0.907,0.262,0.864
0.427,0.532,0.568,0.153,0.908,0.263,0.865
0.426,0.533,0.569,0.155,0.909,0.264,0.865
0.425,0.535,0.57,0.156,0.909,0.266,0.866
0.424,0.535,0.571,0.158,0.91,0.266,0.866
0.423,0.536,0.571,0.16,0.91,0.268,0.867
0.422,0.538,0.572,0.162,0.911,0.269,0.867
0.421,0.539,0.573,0.163,0.912,0.27,0.868
0.42,0.54,0.574,0.165,0.913,0.271,0.868
0.419,0.541,0.575,0.167,0.913,0.272,0.869
0.418,0.542,0.576,0.169,0.914,0.273,0.869
0.417,0.542,0.576,0.17,0.915,0.275,0.87
0.416,0.544,0.578,0.172,0.915,0.276,0.87
0.415,0.545,0.579,0.174,0.916,0.277,0.871
0.414,0.546,0.579,0.176,0.916,0.278,0.871
0.413,0.547,0.58,0.178,0.917,0.279,0.872
0.412,0.548,0.581,0.18,0.917,0.281,0.872
0.411,0.549,0.582,0.183,0.918,0.282,0.873
0.41,0.551,0.583,0.185,0.919,0.283,0.873
0.409,0.551,0.584,0.187,0.92,0.284,0.873
0.408,0.553,0.584,0.189,0.92,0.286,0.874
0.407,0.554,0.585,0.191,0.921,0.286,0.875
0.406,0.555,0.586,0.193,0.921,0.288,0.875
0.405,0.556,0.587,0.195,0.922,0.289,0.876
0.404,0.557,0.588,0.197,0.922,0.29,0.876
0.403,0.558,0.589,0.2,0.923,0.291,0.877
0.402,0.559,0.59,0.202,0.923,0.293,0.877
0.401,0.56,0.591,0.204,0.924,0.294,0.878
0.4,0.561,0.591,0.206,0.924,0.295,0.878
0.399,0.562,0.592,0.209,0.925,0.296,0.879
0.398,0.563,0.593,0.211,0.926,0.297,0.879
0.397,0.564,0.594,0.213,0.927,0.299,0.879
0.396,0.565,0.595,0.216,0.927,0.3,0.88
0.395,0.566,0.596,0.218,0.928,0.301,0.88
0.394,0.568,0.597,0.22,0.928,0.302,0.881
0.393,0.568,0.598,0.223,0.929,0.304,0.881
0.392,0.57,0.598,0.225,0.929,0.305,0.882
0.391,0.571,0.599,0.228,0.93,0.306,0.882
0.39,0.572,0.6,0.23,0.931,0.307,0.883
0.389,0.572,0.6,0.233,0.931,0.308,0.883
0.388,0.573,0.601,0.236,0.932,0.31,0.883
0.387,0.574,0.602,0.239,0.932,0.311,0.884
0.386,0.576,0.603,0.241,0.933,0.312,0.885
0.385,0.577,0.604,0.244,0.934,0.313,0.885
0.384,0.578,0.605,0.247,0.934,0.314,0.886
0.383,0.579,0.605,0.25,0.935,0.316,0.886
0.382,0.58,0.606,0.252,0.935,0.317,0.886
0.381,0.581,0.607,0.255,0.936,0.318,0.887
0.38,0.582,0.607,0.258,0.937,0.319,0.887
0.379,0.583,0.608,0.261,0.937,0.321,0.888
0.378,0.584,0.609,0.264,0.938,0.322,0.888
0.377,0.585,0.61,0.267,0.939,0.324,0.889
0.376,0.586,0.61,0.27,0.939,0.325,0.889
0.375,0.587,0.611,0.273,0.94,0.326,0.89
0.374,0.588,0.612,0.276,0.94,0.327,0.89
0.373,0.589,0.613,0.279,0.941,0.329,0.891
0.372,0.59,0.614,0.281,0.941,0.33,0.891
0.371,0.591,0.614,0.285,0.942,0.331,0.891
0.37,0.592,0.615,0.288,0.943,0.333,0.892
0.369,0.593,0.616,0.291,0.943,0.334,0.892
0.368,0.595,0.616,0.294,0.944,0.335,0.893
0.367,0.596,0.617,0.297,0.945,0.337,0.893
0.366,0.597,0.618,0.3,0.945,0.338,0.893
0.365,0.598,0.619,0.303,0.946,0.339,0.894
0.364,0.599,0.619,0.306,0.946,0.341,0.894
0.363,0.6,0.62,0.31,0.947,0.342,0.894
0.362,0.601,0.621,0.313,0.947,0.343,0.895
0.361,0.602,0.622,0.316,0.948,0.344,0.895
0.36,0.603,0.623,0.32,0.948,0.346,0.896
0.359,0.605,0.624,0.323,0.949,0.347,0.896
0.358,0.606,0.625,0.326,0.95,0.348,0.896
0.357,0.607,0.626,0.329,0.95,0.35,0.897
0.356,0.608,0.626,0.332,0.951,0.351,0.897
0.355,0.609,0.627,0.335,0.951,0.352,0.897
0.354,0.61,0.628,0.339,0.952,0.353,0.898
0.353,0.611,0.629,0.342,0.953,0.355,0.898
0.352,0.612,0.629,0.346,0.953,0.356,0.899
0.351,0.613,0.63,0.349,0.953,0.357,0.899
0.35,0.614,0.631,0.352,0.954,0.358,0.899
0.349,0.615,0.632,0.356,0.955,0.36,0.9
0.348,0.616,0.632,0.359,0.955,0.361,0.9
0.347,0.617,0.633,0.363,0.956,0.362,0.9
0.346,0.618,0.634,0.366,0.956,0.364,0.901
0.345,0.619,0.635,0.369,0.957,0.364,0.901
0.344,0.62,0.636,0.373,0.958,0.366,0.901
0.343,0.621,0.637,0.377,0.958,0.367,0.902
0.342,0.622,0.638,0.38,0.958,0.368,0.902
0.341,0.624,0.638,0.383,0.959,0.369,0.903
0.34,0.625,0.639,0.387,0.96,0.37,0.903
0.339,0.626,0.64,0.39,0.96,0.372,0.903
0.338,0.627,0.641,0.394,0.961,0.373,0.904
0.337,0.628,0.642,0.397,0.961,0.374,0.904
0.336,0.629,0.642,0.4,0.962,0.375,0.905
0.335,0.631,0.643,0.404,0.962,0.377,0.905
0.334,0.632,0.643,0.407,0.963,0.378,0.905
0.333,0.633,0.644,0.411,0.963,0.379,0.906
0.332,0.635,0.645,0.414,0.964,0.38,0.906
0.331,0.635,0.646,0.418,0.964,0.382,0.907
0.33,0.636,0.647,0.421,0.965,0.383,0.907
0.329,0.637,0.648,0.425,0.965,0.384,0.908
0.328,0.639,0.649,0.428,0.965,0.386,0.908
0.327,0.64,0.65,0.432,0.966,0.387,0.908
0.326,0.641,0.651,0.436,0.966,0.389,0.909
0.325,0.642,0.652,0.439,0.967,0.39,0.909
0.324,0.643,0.653,0.442,0.967,0.391,0.909
0.323,0.645,0.653,0.446,0.968,0.393,0.91
0.322,0.646,0.654,0.45,0.968,0.394,0.91
0.321,0.647,0.655,0.454,0.969,0.396,0.91
0.32,0.649,0.656,0.457,0.969,0.397,0.911
0.319,0.65,0.657,0.46,0.97,0.398,0.911
0.318,0.651,0.658,0.464,0.97,0.4,0.912
0.317,0.652,0.659,0.468,0.971,0.401,0.912
0.316,0.653,0.66,0.471,0.971,0.403,0.912
0.315,0.654,0.661,0.475,0.972,0.404,0.913
0.314,0.655,0.662,0.479,0.972,0.406,0.913
0.313,0.656,0.663,0.482,0.973,0.407,0.913
0.312,0.658,0.663,0.486,0.973,0.409,0.914
0.311,0.659,0.664,0.49,0.973,0.41,0.914
0.31,0.66,0.665,0.493,0.974,0.411,0.914
0.309,0.661,0.666,0.497,0.974,0.413,0.915
0.308,0.662,0.667,0.5,0.975,0.415,0.915
0.307,0.663,0.667,0.504,0.975,0.416,0.915
0.306,0.665,0.668,0.508,0.976,0.418,0.916
0.305,0.666,0.67,0.511,0.976,0.419,0.916
0.304,0.667,0.67,0.514,0.976,0.421,0.917
0.303,0.668,0.671,0.518,0.977,0.422,0.917
0.302,0.669,0.672,0.522,0.977,0.424,0.917
0.301,0.67,0.673,0.525,0.978,0.426,0.918
0.3,0.671,0.674,0.529,0.978,0.428,0.918
0.299,0.672,0.675,0.532,0.978,0.429,0.918
0.298,0.674,0.676,0.536,0.979,0.43,0.919
0.297,0.675,0.677,0.54,0.979,0.432,0.919
0.296,0.676,0.677,0.543,0.979,0.434,0.919
0.295,0.677,0.678,0.546,0.979,0.435,0.92
0.294,0.678,0.679,0.55,0.98,0.436,0.92
0.293,0.68,0.68,0.553,0.98,0.438,0.921
0.292,0.68,0.681,0.556,0.98,0.439,0.921
0.291,0.682,0.682,0.56,0.981,0.441,0.921
0.29,0.683,0.683,0.563,0.981,0.442,0.922
0.289,0.684,0.683,0.567,0.981,0.444,0.922
0.288,0.686,0.684,0.571,0.982,0.445,0.922
0.287,0.687,0.685,0.574,0.982,0.447,0.923
0.286,0.688,0.686,0.577,0.982,0.448,0.923
0.285,0.689,0.687,0.581,0.982,0.45,0.924
0.284,0.69,0.688,0.584,0.982,0.451,0.924
0.283,0.692,0.688,0.588,0.983,0.453,0.924
0.282,0.693,0.689,0.591,0.983,0.455,0.924
0.281,0.694,0.69,0.595,0.983,0.456,0.925
0.28,0.695,0.691,0.598,0.983,0.458,0.925
0.279,0.696,0.692,0.602,0.984,0.459,0.926
0.278,0.698,0.693,0.605,0.984,0.461,0.926
0.277,0.699,0.694,0.609,0.984,0.463,0.927
0.276,0.7,0.695,0.612,0.984,0.464,0.927
0.275,0.701,0.696,0.615,0.985,0.466,0.927
0.274,0.703,0.697,0.618,0.985,0.467,0.927
0.273,0.704,0.698,0.622,0.985,0.469,0.928
0.272,0.705,0.699,0.625,0.985,0.47,0.928
0.271,0.706,0.699,0.628,0.986,0.472,0.929
0.27,0.708,0.7,0.632,0.986,0.473,0.929
0.269,0.709,0.701,0.635,0.986,0.475,0.929
0.268,0.71,0.702,0.639,0.987,0.476,0.93
0.267,0.711,0.703,0.643,0.987,0.478,0.93
0.266,0.713,0.704,0.646,0.987,0.479,0.93
0.265,0.714,0.705,0.649,0.987,0.481,0.931
0.264,0.715,0.706,0.653,0.988,0.482,0.931
0.263,0.716,0.707,0.656,0.988,0.484,0.931
0.262,0.718,0.708,0.659,0.988,0.485,0.932
0.261,0.719,0.709,0.663,0.988,0.487,0.932
0.26,0.72,0.71,0.666,0.988,0.488,0.933
0.259,0.722,0.711,0.67,0.988,0.49,0.933
0.258,0.723,0.712,0.673,0.989,0.491,0.934
0.257,0.724,0.712,0.677,0.989,0.493,0.934
0.256,0.725,0.713,0.68,0.989,0.495,0.934
0.255,0.727,0.714,0.683,0.989,0.496,0.934
0.254,0.728,0.715,0.687,0.989,0.498,0.935
0.253,0.729,0.716,0.69,0.99,0.499,0.935
0.252,0.731,0.717,0.693,0.99,0.501,0.936
0.251,0.732,0.718,0.697,0.99,0.502,0.936
0.25,0.733,0.719,0.7,0.99,0.504,0.936
0.249,0.734,0.72,0.704,0.99,0.505,0.936
0.248,0.735,0.72,0.707,0.991,0.507,0.937
0.247,0.737,0.722,0.71,0.991,0.508,0.937
0.246,0.738,0.722,0.713,0.991,0.51,0.938
0.245,0.739,0.723,0.716,0.991,0.511,0.938
0.244,0.74,0.725,0.719,0.991,0.513,0.938
0.243,0.741,0.725,0.722,0.992,0.515,0.939
0.242,0.743,0.726,0.725,0.992,0.516,0.939
0.241,0.744,0.728,0.728,0.992,0.517,0.939
0.24,0.745,0.728,0.732,0.992,0.519,0.94
0.239,0.746,0.729,0.735,0.992,0.52,0.94
0.238,0.747,0.73,0.738,0.992,0.522,0.94
0.237,0.749,0.731,0.741,0.992,0.524,0.941
0.236,0.75,0.732,0.744,0.993,0.525,0.941
0.235,0.751,0.733,0.748,0.993,0.527,0.941
0.234,0.752,0.734,0.75,0.993,0.528,0.942
0.233,0.754,0.735,0.754,0.993,0.53,0.942
0.232,0.755,0.736,0.757,0.993,0.531,0.943
0.231,0.756,0.737,0.76,0.993,0.533,0.943
0.23,0.758,0.738,0.763,0.993,0.535,0.943
0.229,0.759,0.739,0.766,0.993,0.536,0.944
0.228,0.76,0.74,0.77,0.993,0.538,0.944
0.227,0.762,0.741,0.773,0.993,0.539,0.944
0.226,0.763,0.742,0.775,0.994,0.541,0.945
0.225,0.764,0.743,0.778,0.994,0.542,0.945
0.224,0.766,0.744,0.781,0.994,0.544,0.946
0.223,0.767,0.745,0.784,0.994,0.545,0.946
0.222,0.768,0.747,0.787,0.994,0.547,0.946
0.221,0.769,0.748,0.791,0.994,0.549,0.947
0.22,0.77,0.749,0.794,0.994,0.55,0.947
0.219,0.772,0.75,0.796,0.994,0.552,0.947
0.218,0.773,0.751,0.799,0.995,0.553,0.948
0.217,0.775,0.753,0.801,0.995,0.555,0.948
0.216,0.776,0.754,0.804,0.995,0.556,0.948
0.215,0.777,0.755,0.806,0.995,0.558,0.948
0.214,0.778,0.756,0.809,0.995,0.559,0.949
0.213,0.78,0.757,0.812,0.995,0.561,0.949
0.212,0.781,0.758,0.815,0.995,0.562,0.95
0.211,0.783,0.759,0.818,0.995,0.564,0.95
0.21,0.784,0.761,0.82,0.996,0.566,0.95
0.209,0.785,0.762,0.823,0.996,0.568,0.95
0.208,0.786,0.763,0.825,0.996,0.569,0.951
0.207,0.787,0.764,0.828,0.996,0.571,0.951
0.206,0.789,0.765,0.83,0.996,0.573,0.951
0.205,0.79,0.766,0.833,0.996,0.574,0.952
0.204,0.791,0.767,0.836,0.996,0.576,0.952
0.203,0.793,0.768,0.838,0.996,0.577,0.952
0.202,0.794,0.769,0.841,0.997,0.579,0.952
0.201,0.796,0.77,0.844,0.997,0.58,0.953
0.2,0.797,0.771,0.846,0.997,0.582,0.953
0.199,0.798,0.772,0.849,0.997,0.584,0.954
0.198,0.799,0.772,0.852,0.997,0.586,0.954
0.197,0.801,0.774,0.854,0.997,0.587,0.954
0.196,0.802,0.775,0.856,0.997,0.589,0.954
0.195,0.804,0.775,0.859,0.997,0.59,0.955
0.194,0.805,0.776,0.862,0.997,0.592,0.955
0.193,0.806,0.777,0.864,0.998,0.594,0.955
0.192,0.807,0.778,0.866,0.998,0.595,0.956
0.191,0.809,0.779,0.868,0.998,0.597,0.956
0.19,0.81,0.78,0.87,0.998,0.599,0.956
0.189,0.811,0.781,0.872,0.998,0.6,0.957
0.188,0.812,0.782,0.874,0.998,0.602,0.957
0.187,0.814,0.783,0.876,0.998,0.604,0.957
0.186,0.815,0.784,0.878,0.998,0.606,0.957
0.185,0.817,0.785,0.88,0.998,0.607,0.957
0.184,0.818,0.786,0.882,0.998,0.609,0.958
0.183,0.82,0.787,0.884,0.998,0.611,0.958
0.182,0.821,0.789,0.886,0.998,0.613,0.958
0.181,0.822,0.79,0.888,0.998,0.615,0.959
0.18,0.824,0.791,0.89,0.998,0.616,0.959
0.179,0.825,0.792,0.892,0.998,0.618,0.959
0.178,0.826,0.793,0.894,0.998,0.62,0.959
0.177,0.828,0.794,0.896,0.998,0.621,0.96
0.176,0.829,0.795,0.898,0.998,0.623,0.96
0.175,0.83,0.797,0.899,0.998,0.625,0.96
0.174,0.832,0.797,0.901,0.999,0.627,0.961
0.173,0.833,0.798,0.903,0.999,0.628,0.961
0.172,0.834,0.799,0.905,0.999,0.63,0.961
0.171,0.836,0.8,0.906,0.999,0.632,0.962
0.17,0.837,0.801,0.908,0.999,0.634,0.962
0.169,0.838,0.803,0.909,0.999,0.636,0.962
0.168,0.839,0.804,0.912,0.999,0.638,0.962
0.167,0.841,0.805,0.913,0.999,0.639,0.963
0.166,0.842,0.807,0.915,0.999,0.641,0.963
0.165,0.843,0.808,0.916,0.999,0.643,0.963
0.164,0.845,0.809,0.918,0.999,0.645,0.963
0.163,0.846,0.81,0.919,0.999,0.646,0.963
0.162,0.848,0.811,0.921,0.999,0.648,0.964
0.161,0.849,0.812,0.923,0.999,0.65,0.964
0.16,0.85,0.814,0.924,0.999,0.652,0.964
0.159,0.852,0.815,0.926,0.999,0.654,0.965
0.158,0.853,0.816,0.927,0.999,0.656,0.965
0.157,0.855,0.817,0.928,0.999,0.658,0.965
0.156,0.856,0.818,0.93,0.999,0.659,0.965
0.155,0.857,0.82,0.931,1.0,0.661,0.965
0.154,0.859,0.821,0.932,1.0,0.663,0.965
0.153,0.86,0.822,0.934,1.0,0.665,0.966
0.152,0.861,0.822,0.935,1.0,0.666,0.966
0.151,0.863,0.823,0.936,1.0,0.668,0.966
0.15,0.864,0.824,0.937,1.0,0.67,0.966
0.149,0.865,0.826,0.938,1.0,0.672,0.966
0.148,0.867,0.827,0.94,1.0,0.674,0.966
0.147,0.868,0.828,0.941,1.0,0.676,0.967
0.146,0.869,0.83,0.942,1.0,0.678,0.967
0.145,0.871,0.831,0.944,1.0,0.68,0.967
0.144,0.872,0.832,0.945,1.0,0.682,0.967
0.143,0.873,0.832,0.946,1.0,0.684,0.968
0.142,0.874,0.834,0.947,1.0,0.686,0.968
0.141,0.876,0.835,0.948,1.0,0.688,0.968
0.14,0.877,0.836,0.949,1.0,0.69,0.968
0.139,0.878,0.838,0.95,1.0,0.692,0.969
0.138,0.88,0.839,0.951,1.0,0.694,0.969
0.137,0.881,0.84,0.952,1.0,0.696,0.969
0.136,0.882,0.841,0.953,1.0,0.698,0.97
0.135,0.883,0.843,0.954,1.0,0.7,0.97
0.134,0.885,0.844,0.955,1.0,0.702,0.97
0.133,0.886,0.845,0.956,1.0,0.704,0.97
0.132,0.887,0.846,0.957,1.0,0.706,0.97
0.131,0.889,0.848,0.958,1.0,0.708,0.97
0.13,0.89,0.849,0.959,1.0,0.71,0.971
0.129,0.891,0.85,0.96,1.0,0.712,0.971
0.128,0.893,0.851,0.961,1.0,0.714,0.971
0.127,0.894,0.853,0.962,1.0,0.717,0.971
0.126,0.895,0.854,0.963,1.0,0.719,0.972
0.125,0.897,0.856,0.964,1.0,0.721,0.972
0.124,0.898,0.857,0.964,1.0,0.723,0.972
0.123,0.899,0.858,0.965,1.0,0.726,0.972
0.122,0.901,0.859,0.966,1.0,0.728,0.973
0.121,0.902,0.86,0.967,1.0,0.73,0.973
0.12,0.903,0.861,0.968,1.0,0.732,0.973
0.119,0.905,0.863,0.969,1.0,0.735,0.973
0.118,0.906,0.864,0.969,1.0,0.737,0.973
0.117,0.908,0.865,0.97,1.0,0.739,0.974
0.116,0.909,0.866,0.971,1.0,0.741,0.974
0.115,0.91,0.867,0.972,1.0,0.743,0.974
0.114,0.912,0.868,0.973,1.0,0.746,0.974
0.113,0.913,0.87,0.973,1.0,0.748,0.974
0.112,0.914,0.871,0.974,1.0,0.75,0.974
0.111,0.915,0.872,0.975,1.0,0.752,0.974
0.11,0.916,0.873,0.975,1.0,0.754,0.975
0.109,0.918,0.875,0.976,1.0,0.756,0.975
0.108,0.919,0.876,0.977,1.0,0.759,0.975
0.107,0.92,0.877,0.977,1.0,0.761,0.975
0.106,0.921,0.878,0.978,1.0,0.763,0.976
0.105,0.923,0.88,0.978,1.0,0.765,0.976
0.104,0.924,0.881,0.979,1.0,0.767,0.976
0.103,0.925,0.883,0.98,1.0,0.769,0.976
0.102,0.926,0.884,0.98,1.0,0.771,0.977
0.101,0.928,0.885,0.981,1.0,0.773,0.977
0.1,0.929,0.887,0.981,1.0,0.776,0.977
0.099,0.93,0.888,0.982,1.0,0.778,0.977
0.098,0.931,0.889,0.982,1.0,0.78,0.977
0.097,0.932,0.89,0.983,1.0,0.782,0.978
0.096,0.933,0.891,0.984,1.0,0.784,0.978
0.095,0.935,0.893,0.984,1.0,0.786,0.978
0.094,0.936,0.894,0.984,1.0,0.788,0.979
0.093,0.937,0.895,0.985,1.0,0.79,0.979
0.092,0.938,0.896,0.985,1.0,0.792,0.979
0.091,0.939,0.897,0.986,1.0,0.794,0.979
0.09,0.94,0.899,0.987,1.0,0.796,0.98
0.089,0.941,0.9,0.987,1.0,0.798,0.98
0.088,0.943,0.902,0.987,1.0,0.801,0.98
0.087,0.944,0.903,0.988,1.0,0.803,0.981
0.086,0.945,0.904,0.988,1.0,0.805,0.981
0.085,0.946,0.905,0.988,1.0,0.807,0.981
0.084,0.947,0.906,0.989,1.0,0.808,0.981
0.083,0.948,0.908,0.989,1.0,0.811,0.982
0.082,0.949,0.909,0.989,1.0,0.813,0.982
0.081,0.95,0.91,0.99,1.0,0.815,0.982
0.08,0.951,0.911,0.99,1.0,0.817,0.982
0.079,0.952,0.912,0.99,1.0,0.819,0.983
0.078,0.954,0.914,0.991,1.0,0.821,0.983
0.077,0.955,0.915,0.991,1.0,0.823,0.983
0.076,0.956,0.917,0.991,1.0,0.825,0.984
0.075,0.957,0.918,0.992,1.0,0.828,0.984
0.074,0.958,0.919,0.992,1.0,0.829,0.984
0.073,0.959,0.92,0.992,1.0,0.831,0.984
0.072,0.96,0.921,0.992,1.0,0.833,0.985
0.071,0.961,0.923,0.992,1.0,0.836,0.985
0.07,0.962,0.924,0.993,1.0,0.838,0.985
0.069,0.963,0.925,0.993,1.0,0.84,0.985
0.068,0.965,0.926,0.993,1.0,0.842,0.986
0.067,0.966,0.927,0.993,1.0,0.845,0.986
0.066,0.966,0.929,0.994,1.0,0.846,0.986
0.065,0.968,0.93,0.994,1.0,0.849,0.986
0.064,0.968,0.931,0.994,1.0,0.851,0.987
0.063,0.969,0.932,0.994,1.0,0.853,0.987
0.062,0.97,0.933,0.994,1.0,0.855,0.987
0.061,0.972,0.935,0.994,1.0,0.857,0.987
0.06,0.972,0.936,0.995,1.0,0.86,0.987
0.059,0.973,0.938,0.995,1.0,0.862,0.987
0.058,0.974,0.939,0.995,1.0,0.865,0.987
0.057,0.975,0.941,0.995,1.0,0.867,0.988
0.056,0.976,0.942,0.996,1.0,0.869,0.988
0.055,0.977,0.943,0.996,1.0,0.871,0.988
0.054,0.977,0.945,0.996,1.0,0.873,0.988
0.053,0.978,0.946,0.996,1.0,0.876,0.989
0.052,0.979,0.947,0.996,1.0,0.878,0.989
0.051,0.98,0.949,0.996,1.0,0.88,0.989
0.05,0.981,0.95,0.997,1.0,0.883,0.989
0.049,0.981,0.951,0.997,1.0,0.885,0.99
0.048,0.982,0.954,0.997,1.0,0.888,0.99
0.047,0.983,0.955,0.997,1.0,0.89,0.99
0.046,0.984,0.956,0.997,1.0,0.892,0.99
0.045,0.985,0.957,0.997,1.0,0.894,0.991
0.044,0.985,0.959,0.998,1.0,0.896,0.991
0.043,0.986,0.96,0.998,1.0,0.898,0.991
0.042,0.987,0.961,0.998,1.0,0.9,0.991
0.041,0.987,0.963,0.998,1.0,0.902,0.992
0.04,0.988,0.963,0.998,1.0,0.904,0.992
0.039,0.989,0.965,0.998,1.0,0.907,0.992
0.038,0.99,0.966,0.998,1.0,0.909,0.992
0.037,0.99,0.968,0.998,1.0,0.911,0.992
0.036,0.991,0.969,0.998,1.0,0.913,0.992
0.035,0.991,0.971,0.999,1.0,0.915,0.993
0.034,0.992,0.972,0.999,1.0,0.917,0.993
0.033,0.992,0.974,0.999,1.0,0.919,0.993
0.032,0.993,0.975,0.999,1.0,0.921,0.993
0.031,0.993,0.977,0.999,1.0,0.922,0.993
0.03,0.993,0.978,0.999,1.0,0.924,0.993
0.029,0.994,0.979,0.999,1.0,0.926,0.994
0.028,0.994,0.981,,,0.928,0.994
0.027,0.995,0.982,0.999,1.0,0.93,0.994
0.026,0.995,0.983,0.999,1.0,0.932,0.994
0.025,0.996,0.985,0.999,1.0,0.934,0.994
0.024,0.996,0.986,0.999,1.0,0.937,0.994
0.023,0.996,0.987,0.999,1.0,0.939,0.995
0.022,0.997,0.988,1.0,1.0,0.94,0.995
0.021,0.997,0.989,1.0,1.0,0.942,0.995
0.02,0.997,0.99,1.0,1.0,0.944,0.996
0.019,0.998,0.991,1.0,1.0,0.946,0.996
0.018,0.998,0.992,1.0,1.0,0.948,0.996
0.017,0.998,0.993,1.0,1.0,0.95,0.996
0.016,0.998,0.994,1.0,1.0,0.952,0.996
0.015,0.999,0.994,1.0,1.0,0.953,0.997
0.014,0.999,0.995,1.0,1.0,0.955,0.997
0.013,0.999,0.996,,,0.957,0.997
0.012,0.999,0.997,,,0.959,0.997
0.011,0.999,0.998,,,0.961,0.997
0.01,0.999,0.998,1.0,1.0,0.963,0.998
0.009,1.0,0.999,1.0,1.0,0.965,0.998
0.008,1.0,1.0,,,0.967,0.998
0.007,1.0,1.0,,,0.969,0.998
0.006,1.0,1.0,,,0.972,0.998
0.005,1.0,1.0,,,0.974,0.999
0.004,1.0,1.0,1.0,1.0,0.977,0.999
0.003,,,1.0,1.0,0.98,0.999
0.002,,,,,0.984,0.999
0.001,,,,,0.991,1.0
0.0,,,,,1.0,1.0
